date,product,region,actual,baseline,naive,lightgbm,prophet
2025-01-05,ORS,Pune,570.0,474.0,522.0,511.2071566853054,506.1809984816581
2025-01-12,ORS,Pune,521.0,473.0,568.0,511.89970428185745,506.0258691359984
2025-01-19,ORS,Pune,522.0,493.0,549.0,552.8546522824325,496.08125928454734
2025-01-26,ORS,Pune,489.0,468.0,517.0,521.6081442416095,487.88502905564843
2025-02-02,ORS,Pune,504.0,496.0,570.0,514.8638961008702,493.69266875526176
2025-02-09,ORS,Pune,473.0,524.0,521.0,528.0098716034021,505.2530459293719
2025-02-16,ORS,Pune,541.0,491.0,522.0,508.12852080555444,509.3060178131078
2025-02-23,ORS,Pune,455.0,499.0,489.0,497.17964160182817,511.2036777003963
2025-03-02,ORS,Pune,543.0,503.0,504.0,506.1650357102663,506.50052399285323
2025-03-09,ORS,Pune,507.0,486.0,473.0,514.2009710994364,499.7582497561182
2025-03-16,ORS,Pune,602.0,463.0,541.0,527.2267960604089,503.31150145909675
2025-03-23,ORS,Pune,566.0,526.0,455.0,525.6367617248633,522.6063795743923
2025-03-30,ORS,Pune,633.0,554.0,543.0,560.257505104225,554.1264111960071
2025-04-06,ORS,Pune,602.0,649.0,507.0,585.4144452370332,583.6450687571875
2025-04-13,ORS,Pune,497.0,622.0,602.0,598.5898073353261,589.0937484872592
2025-04-20,ORS,Pune,586.0,604.0,566.0,583.2408635105843,582.3058548714574
2025-04-27,ORS,Pune,535.0,546.0,633.0,550.5241411010603,567.3350734329023
2025-05-04,ORS,Pune,553.0,528.0,602.0,532.6775673888872,559.9441706774197
2025-05-11,ORS,Pune,589.0,613.0,497.0,587.2039704135105,577.9750030707248
2025-05-18,ORS,Pune,569.0,571.0,586.0,513.9515106023712,596.506722355102
2025-05-25,ORS,Pune,532.0,636.0,535.0,561.5633085781799,596.4775381344143
2025-06-01,ORS,Pune,537.0,515.0,553.0,517.4483608391821,591.4758341282683
2025-06-08,ORS,Pune,920.0,584.0,589.0,770.8536046032668,578.7412392586609
2025-06-15,ORS,Pune,704.0,514.0,569.0,608.9208193645992,570.2056855962708
2025-06-22,ORS,Pune,562.0,694.0,532.0,668.1441110575788,486.0191664697096
2025-06-29,ORS,Pune,730.0,578.0,537.0,681.866368579539,516.836600638077
2025-07-06,ORS,Pune,1037.0,676.0,920.0,744.2693960822322,665.4333348191383
2025-07-13,ORS,Pune,729.0,728.0,704.0,871.2934128050198,726.7856753433252
2025-07-20,ORS,Pune,659.0,739.0,562.0,725.3872215501691,721.3501513757667
2025-07-27,ORS,Pune,664.0,944.0,730.0,923.0291767723274,871.3531997869129
2025-08-03,ORS,Pune,689.0,885.0,1037.0,998.3571098653903,955.3380413785824
2025-08-10,ORS,Pune,1001.0,1303.0,729.0,753.3179129056952,998.4346781570388
2025-08-17,ORS,Pune,697.0,1091.0,659.0,864.1948339016112,980.3826266826545
2025-08-24,ORS,Pune,477.0,505.0,664.0,554.4544553136382,808.4279538506387
2025-08-31,ORS,Pune,789.0,729.0,689.0,633.9037193775869,806.1349136511515
2025-09-07,ORS,Pune,1066.0,812.0,1001.0,654.7749089381641,826.6264326705156
2025-09-14,ORS,Pune,620.0,684.0,697.0,658.4778101322714,697.2451661887437
2025-09-21,ORS,Pune,748.0,671.0,477.0,520.6337951882456,573.9010399535889
2025-09-28,ORS,Pune,649.0,505.0,789.0,524.6981450335452,653.3243634847495
2025-10-05,ORS,Pune,877.0,546.0,1066.0,615.2281336778641,728.8968646033254
2025-10-12,ORS,Pune,771.0,1086.0,620.0,787.7144915294807,725.7724707839046
2025-10-19,ORS,Pune,636.0,458.0,748.0,481.4289045693922,630.7906166022879
2025-10-26,ORS,Pune,578.0,636.0,649.0,537.2283725218748,550.208553356548
2025-11-02,ORS,Pune,530.0,579.0,877.0,588.7683559713308,575.2125963536903
2025-11-09,ORS,Pune,629.0,510.0,771.0,562.6915360686985,592.4065096862469
2025-11-16,ORS,Pune,629.0,458.0,636.0,520.1018768963157,576.2380156787557
2025-11-23,ORS,Pune,486.0,485.0,578.0,491.917371661015,527.2731109948129
2025-11-30,ORS,Pune,509.0,558.0,530.0,480.15323959273513,498.441340769861
2025-12-07,ORS,Pune,509.0,522.0,629.0,520.2370113634266,527.6148319803292
2025-12-14,ORS,Pune,531.0,568.0,629.0,520.259516044475,548.1215679020428
2025-12-21,ORS,Pune,557.0,549.0,486.0,537.9744731347675,546.1803016173136
2025-12-28,ORS,Pune,472.0,517.0,509.0,531.5011498774347,543.2431643859155
