date,product,region,units,filled,stockout_suspect,outlier_check
2019-01-13,ORS,Pune,410.0,False,False,False
2019-01-20,ORS,Pune,367.0,False,False,False
2019-01-27,ORS,Pune,425.0,False,False,False
2019-02-03,ORS,Pune,431.0,False,False,False
2019-02-10,ORS,Pune,339.0,False,False,False
2019-02-17,ORS,Pune,360.0,False,False,False
2019-02-24,ORS,Pune,419.0,False,False,False
2019-03-03,ORS,Pune,392.0,False,False,False
2019-03-10,ORS,Pune,402.0,False,False,False
2019-03-17,ORS,Pune,385.0,False,False,False
2019-03-24,ORS,Pune,463.0,False,False,False
2019-03-31,ORS,Pune,503.0,False,False,False
2019-04-07,ORS,Pune,465.0,False,False,False
2019-04-14,ORS,Pune,521.0,False,False,False
2019-04-21,ORS,Pune,461.0,False,False,False
2019-04-28,ORS,Pune,470.0,False,False,False
2019-05-05,ORS,Pune,468.0,False,False,False
2019-05-12,ORS,Pune,419.0,False,False,False
2019-05-19,ORS,Pune,504.0,False,False,False
2019-05-26,ORS,Pune,479.0,False,False,False
2019-06-02,ORS,Pune,475.0,False,False,False
2019-06-09,ORS,Pune,443.0,False,False,False
2019-06-16,ORS,Pune,472.0,False,False,False
2019-06-23,ORS,Pune,434.0,False,False,False
2019-06-30,ORS,Pune,521.0,False,False,False
2019-07-07,ORS,Pune,436.0,False,False,False
2019-07-14,ORS,Pune,976.0,False,False,False
2019-07-21,ORS,Pune,934.0,False,False,False
2019-07-28,ORS,Pune,753.0,False,False,False
2019-08-04,ORS,Pune,561.0,False,False,False
2019-08-11,ORS,Pune,1070.0,False,False,False
2019-08-18,ORS,Pune,1167.0,False,False,False
2019-08-25,ORS,Pune,749.0,False,False,False
2019-09-01,ORS,Pune,461.0,False,False,False
2019-09-08,ORS,Pune,503.0,False,False,False
2019-09-15,ORS,Pune,603.0,False,False,False
2019-09-22,ORS,Pune,1022.0,False,False,False
2019-09-29,ORS,Pune,640.0,False,False,False
2019-10-06,ORS,Pune,537.0,False,False,False
2019-10-13,ORS,Pune,718.0,False,False,False
2019-10-20,ORS,Pune,528.0,False,False,False
2019-10-27,ORS,Pune,536.0,False,False,False
2019-11-03,ORS,Pune,491.0,False,False,False
2019-11-10,ORS,Pune,559.0,False,False,False
2019-11-17,ORS,Pune,481.0,False,False,False
2019-11-24,ORS,Pune,465.0,False,False,False
2019-12-01,ORS,Pune,444.0,False,False,False
2019-12-08,ORS,Pune,422.0,False,False,False
2019-12-15,ORS,Pune,438.0,False,False,False
2019-12-22,ORS,Pune,418.0,False,False,False
2019-12-29,ORS,Pune,426.0,False,False,False
2020-01-05,ORS,Pune,437.0,False,False,False
2020-01-12,ORS,Pune,368.0,False,False,False
2020-01-19,ORS,Pune,406.0,False,False,False
2020-01-26,ORS,Pune,402.0,False,False,False
2020-02-02,ORS,Pune,396.0,False,False,False
2020-02-09,ORS,Pune,409.0,False,False,False
2020-02-16,ORS,Pune,468.0,False,False,False
2020-02-23,ORS,Pune,390.0,False,False,False
2020-03-01,ORS,Pune,451.0,False,False,False
2020-03-08,ORS,Pune,363.0,False,False,False
2020-03-15,ORS,Pune,409.0,False,False,False
2020-03-22,ORS,Pune,437.0,False,False,False
2020-03-29,ORS,Pune,479.0,False,False,False
2020-04-05,ORS,Pune,502.0,False,False,False
2020-04-12,ORS,Pune,511.0,False,False,False
2020-04-19,ORS,Pune,497.0,False,False,False
2020-04-26,ORS,Pune,470.0,False,False,False
2020-05-03,ORS,Pune,536.0,False,False,False
2020-05-10,ORS,Pune,495.0,False,False,False
2020-05-17,ORS,Pune,457.0,False,False,False
2020-05-24,ORS,Pune,449.0,False,False,False
2020-05-31,ORS,Pune,476.0,False,False,False
2020-06-07,ORS,Pune,443.0,False,False,False
2020-06-14,ORS,Pune,431.0,False,False,False
2020-06-21,ORS,Pune,754.0,False,False,False
2020-06-28,ORS,Pune,517.0,False,False,False
2020-07-05,ORS,Pune,633.0,False,False,False
2020-07-12,ORS,Pune,523.0,False,False,False
2020-07-19,ORS,Pune,760.0,False,False,False
2020-07-26,ORS,Pune,748.0,False,False,False
2020-08-02,ORS,Pune,631.0,False,False,False
2020-08-09,ORS,Pune,555.0,False,False,False
2020-08-16,ORS,Pune,528.0,False,False,False
2020-08-23,ORS,Pune,919.0,False,False,False
2020-08-30,ORS,Pune,960.0,False,False,False
2020-09-06,ORS,Pune,721.0,False,False,False
2020-09-13,ORS,Pune,628.0,False,False,False
2020-09-20,ORS,Pune,557.0,False,False,False
2020-09-27,ORS,Pune,642.0,False,False,False
2020-10-04,ORS,Pune,561.0,False,False,False
2020-10-11,ORS,Pune,650.0,False,False,False
2020-10-18,ORS,Pune,442.0,False,False,False
2020-10-25,ORS,Pune,485.0,False,False,False
2020-11-01,ORS,Pune,551.0,False,False,False
2020-11-08,ORS,Pune,501.0,False,False,False
2020-11-15,ORS,Pune,387.0,False,False,False
2020-11-22,ORS,Pune,397.0,False,False,False
2020-11-29,ORS,Pune,445.0,False,False,False
2020-12-06,ORS,Pune,403.0,False,False,False
2020-12-13,ORS,Pune,410.0,True,False,False
2020-12-20,ORS,Pune,417.0,True,False,False
2020-12-27,ORS,Pune,424.0,False,False,False
2021-01-03,ORS,Pune,469.0,False,False,False
2021-01-10,ORS,Pune,401.0,False,False,False
2021-01-17,ORS,Pune,426.0,False,False,False
2021-01-24,ORS,Pune,432.0,False,False,False
2021-01-31,ORS,Pune,422.0,False,False,False
2021-02-07,ORS,Pune,464.0,False,False,False
2021-02-14,ORS,Pune,375.0,False,False,False
2021-02-21,ORS,Pune,450.0,False,False,False
2021-02-28,ORS,Pune,444.0,False,False,False
2021-03-07,ORS,Pune,434.0,False,False,False
2021-03-14,ORS,Pune,398.0,False,False,False
2021-03-21,ORS,Pune,463.0,False,False,False
2021-03-28,ORS,Pune,460.0,False,False,False
2021-04-04,ORS,Pune,477.0,False,False,False
2021-04-11,ORS,Pune,510.0,False,False,False
2021-04-18,ORS,Pune,560.0,False,False,False
2021-04-25,ORS,Pune,480.0,False,False,False
2021-05-02,ORS,Pune,484.0,False,False,False
2021-05-09,ORS,Pune,507.0,False,False,False
2021-05-16,ORS,Pune,529.0,False,False,False
2021-05-23,ORS,Pune,539.0,False,False,False
2021-05-30,ORS,Pune,547.0,False,False,False
2021-06-06,ORS,Pune,837.0,False,False,False
2021-06-13,ORS,Pune,539.0,False,False,False
2021-06-20,ORS,Pune,534.0,False,False,False
2021-06-27,ORS,Pune,670.0,False,False,False
2021-07-04,ORS,Pune,813.0,False,False,False
2021-07-11,ORS,Pune,522.0,False,False,False
2021-07-18,ORS,Pune,448.0,False,False,False
2021-07-25,ORS,Pune,590.0,False,False,False
2021-08-01,ORS,Pune,862.0,False,False,False
2021-08-08,ORS,Pune,1129.0,False,False,False
2021-08-15,ORS,Pune,564.0,False,False,False
2021-08-22,ORS,Pune,572.0,False,False,False
2021-08-29,ORS,Pune,582.0,False,False,False
2021-09-05,ORS,Pune,710.0,False,False,False
2021-09-12,ORS,Pune,574.0,False,False,False
2021-09-19,ORS,Pune,655.0,False,False,False
2021-09-26,ORS,Pune,704.0,False,False,False
2021-10-03,ORS,Pune,464.0,False,False,False
2021-10-10,ORS,Pune,594.0,False,False,False
2021-10-17,ORS,Pune,552.0,False,False,False
2021-10-24,ORS,Pune,543.0,False,False,False
2021-10-31,ORS,Pune,439.0,False,False,False
2021-11-07,ORS,Pune,442.0,False,False,False
2021-11-14,ORS,Pune,486.0,False,False,False
2021-11-21,ORS,Pune,475.0,False,False,False
2021-11-28,ORS,Pune,443.0,False,False,False
2021-12-05,ORS,Pune,462.0,False,False,False
2021-12-12,ORS,Pune,457.0,True,True,False
2021-12-19,ORS,Pune,452.0,True,True,False
2021-12-26,ORS,Pune,447.0,False,False,False
2022-01-02,ORS,Pune,513.0,False,False,False
2022-01-09,ORS,Pune,455.0,False,False,False
2022-01-16,ORS,Pune,486.0,False,False,False
2022-01-23,ORS,Pune,435.0,False,False,False
2022-01-30,ORS,Pune,408.0,False,False,False
2022-02-06,ORS,Pune,417.0,False,False,False
2022-02-13,ORS,Pune,425.0,False,False,False
2022-02-20,ORS,Pune,529.0,False,False,False
2022-02-27,ORS,Pune,422.0,False,False,False
2022-03-06,ORS,Pune,483.0,False,False,False
2022-03-13,ORS,Pune,438.0,False,False,False
2022-03-20,ORS,Pune,524.0,False,False,False
2022-03-27,ORS,Pune,511.0,False,False,False
2022-04-03,ORS,Pune,502.0,False,False,False
2022-04-10,ORS,Pune,522.0,False,False,False
2022-04-17,ORS,Pune,489.0,False,False,False
2022-04-24,ORS,Pune,541.0,False,False,False
2022-05-01,ORS,Pune,518.0,False,False,False
2022-05-08,ORS,Pune,479.0,False,False,False
2022-05-15,ORS,Pune,465.0,False,False,False
2022-05-22,ORS,Pune,510.0,False,False,False
2022-05-29,ORS,Pune,561.0,False,False,False
2022-06-05,ORS,Pune,517.0,False,False,False
2022-06-12,ORS,Pune,483.0,False,False,False
2022-06-19,ORS,Pune,499.0,False,False,False
2022-06-26,ORS,Pune,573.0,False,False,False
2022-07-03,ORS,Pune,530.0,False,False,False
2022-07-10,ORS,Pune,593.0,False,False,False
2022-07-17,ORS,Pune,796.0,False,False,False
2022-07-24,ORS,Pune,1135.0,False,False,False
2022-07-31,ORS,Pune,1319.0,False,False,False
2022-08-07,ORS,Pune,644.0,False,False,False
2022-08-14,ORS,Pune,521.0,False,False,False
2022-08-21,ORS,Pune,591.0,False,False,False
2022-08-28,ORS,Pune,1047.0,False,False,False
2022-09-04,ORS,Pune,759.0,False,False,False
2022-09-11,ORS,Pune,540.0,False,False,False
2022-09-18,ORS,Pune,525.0,False,False,False
2022-09-25,ORS,Pune,779.0,False,False,False
2022-10-02,ORS,Pune,753.0,False,False,False
2022-10-09,ORS,Pune,491.0,False,False,False
2022-10-16,ORS,Pune,583.0,False,False,False
2022-10-23,ORS,Pune,550.0,False,False,False
2022-10-30,ORS,Pune,617.0,False,False,False
2022-11-06,ORS,Pune,596.0,False,False,False
2022-11-13,ORS,Pune,,False,False,False
2022-11-20,ORS,Pune,,False,False,False
2022-11-27,ORS,Pune,,False,False,False
2022-12-04,ORS,Pune,,False,False,False
2022-12-11,ORS,Pune,,False,False,False
2022-12-18,ORS,Pune,,False,False,False
2022-12-25,ORS,Pune,,False,False,False
2023-01-01,ORS,Pune,,False,False,False
2023-01-08,ORS,Pune,,False,False,False
2023-01-15,ORS,Pune,,False,False,False
2023-01-22,ORS,Pune,,False,False,False
2023-01-29,ORS,Pune,,False,False,False
2023-02-05,ORS,Pune,469.0,False,False,False
2023-02-12,ORS,Pune,450.0,False,False,False
2023-02-19,ORS,Pune,456.0,False,False,False
2023-02-26,ORS,Pune,506.0,False,False,False
2023-03-05,ORS,Pune,493.0,False,False,False
2023-03-12,ORS,Pune,533.0,False,False,False
2023-03-19,ORS,Pune,466.0,False,False,False
2023-03-26,ORS,Pune,447.0,False,False,False
2023-04-02,ORS,Pune,471.0,False,False,False
2023-04-09,ORS,Pune,529.0,False,False,False
2023-04-16,ORS,Pune,545.0,False,False,False
2023-04-23,ORS,Pune,489.0,False,False,False
2023-04-30,ORS,Pune,538.0,False,False,False
2023-05-07,ORS,Pune,515.0,False,False,False
2023-05-14,ORS,Pune,659.0,False,False,False
2023-05-21,ORS,Pune,624.0,False,False,False
2023-05-28,ORS,Pune,505.0,False,False,False
2023-06-04,ORS,Pune,517.0,False,False,False
2023-06-11,ORS,Pune,460.0,False,False,False
2023-06-18,ORS,Pune,503.0,False,False,False
2023-06-25,ORS,Pune,533.0,False,False,False
2023-07-02,ORS,Pune,553.0,False,False,False
2023-07-09,ORS,Pune,590.0,False,False,False
2023-07-16,ORS,Pune,900.0,False,False,False
2023-07-23,ORS,Pune,648.0,False,False,False
2023-07-30,ORS,Pune,600.0,False,False,False
2023-08-06,ORS,Pune,1123.0,False,False,False
2023-08-13,ORS,Pune,1002.0,False,False,False
2023-08-20,ORS,Pune,574.0,False,False,False
2023-08-27,ORS,Pune,535.0,False,False,False
2023-09-03,ORS,Pune,469.0,False,False,False
2023-09-10,ORS,Pune,535.0,False,False,False
2023-09-17,ORS,Pune,669.0,False,False,False
2023-09-24,ORS,Pune,635.0,False,False,False
2023-10-01,ORS,Pune,483.0,False,False,False
2023-10-08,ORS,Pune,810.0,False,False,False
2023-10-15,ORS,Pune,882.0,False,False,False
2023-10-22,ORS,Pune,451.0,False,False,False
2023-10-29,ORS,Pune,466.0,False,False,False
2023-11-05,ORS,Pune,496.0,False,False,False
2023-11-12,ORS,Pune,547.0,False,False,False
2023-11-19,ORS,Pune,443.0,False,False,False
2023-11-26,ORS,Pune,511.0,False,False,False
2023-12-03,ORS,Pune,512.0,False,False,False
2023-12-10,ORS,Pune,519.0,False,False,False
2023-12-17,ORS,Pune,480.0,False,False,False
2023-12-24,ORS,Pune,477.0,False,False,False
2023-12-31,ORS,Pune,430.0,False,False,False
2024-01-07,ORS,Pune,474.0,False,False,False
2024-01-14,ORS,Pune,473.0,False,False,False
2024-01-21,ORS,Pune,493.0,False,False,False
2024-01-28,ORS,Pune,468.0,False,False,False
2024-02-04,ORS,Pune,496.0,True,False,False
2024-02-11,ORS,Pune,524.0,False,False,False
2024-02-18,ORS,Pune,491.0,False,False,False
2024-02-25,ORS,Pune,499.0,False,False,False
2024-03-03,ORS,Pune,503.0,False,False,False
2024-03-10,ORS,Pune,486.0,False,False,False
2024-03-17,ORS,Pune,463.0,False,False,False
2024-03-24,ORS,Pune,526.0,False,False,False
2024-03-31,ORS,Pune,554.0,False,False,False
2024-04-07,ORS,Pune,649.0,False,False,False
2024-04-14,ORS,Pune,622.0,False,False,False
2024-04-21,ORS,Pune,604.0,False,False,False
2024-04-28,ORS,Pune,546.0,False,False,False
2024-05-05,ORS,Pune,528.0,False,False,False
2024-05-12,ORS,Pune,613.0,False,False,False
2024-05-19,ORS,Pune,571.0,False,False,False
2024-05-26,ORS,Pune,636.0,False,False,False
2024-06-02,ORS,Pune,515.0,False,False,False
2024-06-09,ORS,Pune,584.0,False,False,False
2024-06-16,ORS,Pune,514.0,False,False,False
2024-06-23,ORS,Pune,694.0,False,False,False
2024-06-30,ORS,Pune,578.0,False,False,False
2024-07-07,ORS,Pune,676.0,False,False,False
2024-07-14,ORS,Pune,728.0,False,False,False
2024-07-21,ORS,Pune,739.0,False,False,False
2024-07-28,ORS,Pune,944.0,False,False,False
2024-08-04,ORS,Pune,885.0,False,False,False
2024-08-11,ORS,Pune,1303.0,False,False,False
2024-08-18,ORS,Pune,1091.0,False,False,False
2024-08-25,ORS,Pune,505.0,False,False,False
2024-09-01,ORS,Pune,729.0,False,False,False
2024-09-08,ORS,Pune,812.0,False,False,False
2024-09-15,ORS,Pune,684.0,False,False,False
2024-09-22,ORS,Pune,671.0,False,False,False
2024-09-29,ORS,Pune,505.0,False,False,False
2024-10-06,ORS,Pune,546.0,False,False,False
2024-10-13,ORS,Pune,1086.0,False,False,False
2024-10-20,ORS,Pune,458.0,False,False,False
2024-10-27,ORS,Pune,636.0,False,False,False
2024-11-03,ORS,Pune,579.0,False,False,False
2024-11-10,ORS,Pune,510.0,False,False,False
2024-11-17,ORS,Pune,458.0,False,False,False
2024-11-24,ORS,Pune,485.0,False,False,False
2024-12-01,ORS,Pune,558.0,False,False,False
2024-12-08,ORS,Pune,522.0,False,False,False
2024-12-15,ORS,Pune,568.0,False,False,False
2024-12-22,ORS,Pune,549.0,False,False,False
2024-12-29,ORS,Pune,517.0,False,False,False
2025-01-05,ORS,Pune,570.0,False,False,False
2025-01-12,ORS,Pune,521.0,False,False,False
2025-01-19,ORS,Pune,522.0,False,False,True
2025-01-26,ORS,Pune,489.0,False,False,False
2025-02-02,ORS,Pune,504.0,False,False,False
2025-02-09,ORS,Pune,473.0,False,False,False
2025-02-16,ORS,Pune,541.0,False,False,False
2025-02-23,ORS,Pune,455.0,False,False,False
2025-03-02,ORS,Pune,543.0,False,False,False
2025-03-09,ORS,Pune,507.0,False,False,False
2025-03-16,ORS,Pune,602.0,False,False,False
2025-03-23,ORS,Pune,566.0,False,False,False
2025-03-30,ORS,Pune,633.0,False,False,False
2025-04-06,ORS,Pune,602.0,False,False,False
2025-04-13,ORS,Pune,497.0,False,False,False
2025-04-20,ORS,Pune,586.0,False,False,False
2025-04-27,ORS,Pune,535.0,False,False,False
2025-05-04,ORS,Pune,553.0,False,False,False
2025-05-11,ORS,Pune,589.0,False,False,False
2025-05-18,ORS,Pune,569.0,False,False,False
2025-05-25,ORS,Pune,532.0,False,False,False
2025-06-01,ORS,Pune,537.0,False,False,False
2025-06-08,ORS,Pune,920.0,False,False,False
2025-06-15,ORS,Pune,704.0,False,False,False
2025-06-22,ORS,Pune,562.0,False,False,False
2025-06-29,ORS,Pune,730.0,False,False,False
2025-07-06,ORS,Pune,1037.0,False,False,False
2025-07-13,ORS,Pune,729.0,False,False,False
2025-07-20,ORS,Pune,659.0,False,False,False
2025-07-27,ORS,Pune,664.0,False,False,False
2025-08-03,ORS,Pune,689.0,False,False,False
2025-08-10,ORS,Pune,1001.0,False,False,False
2025-08-17,ORS,Pune,697.0,False,False,False
2025-08-24,ORS,Pune,477.0,False,False,False
2025-08-31,ORS,Pune,789.0,False,False,False
2025-09-07,ORS,Pune,1066.0,False,False,False
2025-09-14,ORS,Pune,620.0,False,False,False
2025-09-21,ORS,Pune,748.0,False,False,False
2025-09-28,ORS,Pune,649.0,False,False,False
2025-10-05,ORS,Pune,877.0,False,False,False
2025-10-12,ORS,Pune,771.0,False,False,False
2025-10-19,ORS,Pune,636.0,False,False,False
2025-10-26,ORS,Pune,578.0,False,False,False
2025-11-02,ORS,Pune,530.0,False,False,False
2025-11-09,ORS,Pune,629.0,False,False,False
2025-11-16,ORS,Pune,629.0,False,False,False
2025-11-23,ORS,Pune,486.0,False,False,False
2025-11-30,ORS,Pune,509.0,False,False,False
2025-12-07,ORS,Pune,509.0,False,False,False
2025-12-14,ORS,Pune,531.0,False,False,False
2025-12-21,ORS,Pune,557.0,False,False,False
2025-12-28,ORS,Pune,472.0,False,False,False
