date,product,region,y,units_lag4,units_lag5,units_lag6,units_lag52,units_avg4_lag4,week_of_year,rain_lag4,rain_lag5,rain_lag6,temp_lag4,filled,stockout_suspect,outlier_check
2019-01-13,ORS,Pune,410.0,,,,,,2,,,,,False,False,False
2019-01-20,ORS,Pune,367.0,,,,,,3,,,,,False,False,False
2019-01-27,ORS,Pune,425.0,,,,,,4,,,,,False,False,False
2019-02-03,ORS,Pune,431.0,,,,,,5,,,,,False,False,False
2019-02-10,ORS,Pune,339.0,410.0,,,,,6,0.0,,,19.54,False,False,False
2019-02-17,ORS,Pune,360.0,367.0,410.0,,,,7,0.0,0.0,,21.442857142857143,False,False,False
2019-02-24,ORS,Pune,419.0,425.0,367.0,410.0,,,8,0.0,0.0,0.0,18.774285714285714,False,False,False
2019-03-03,ORS,Pune,392.0,431.0,425.0,367.0,,408.25,9,0.0,0.0,0.0,20.252857142857145,False,False,False
2019-03-10,ORS,Pune,402.0,339.0,431.0,425.0,,390.5,10,0.0,0.0,0.0,20.202857142857145,False,False,False
2019-03-17,ORS,Pune,385.0,360.0,339.0,431.0,,388.75,11,0.0,0.0,0.0,23.494285714285716,False,False,False
2019-03-24,ORS,Pune,463.0,419.0,360.0,339.0,,387.25,12,0.0,0.0,0.0,25.825714285714287,False,False,False
2019-03-31,ORS,Pune,503.0,392.0,419.0,360.0,,377.5,13,0.0,0.0,0.0,23.29,False,False,False
2019-04-07,ORS,Pune,465.0,402.0,392.0,419.0,,393.25,14,0.0,0.0,0.0,24.08285714285714,False,False,False
2019-04-14,ORS,Pune,521.0,385.0,402.0,392.0,,399.5,15,0.0,0.0,0.0,25.69,False,False,False
2019-04-21,ORS,Pune,461.0,463.0,385.0,402.0,,410.5,16,0.0,0.0,0.0,26.964285714285715,False,False,False
2019-04-28,ORS,Pune,470.0,503.0,463.0,385.0,,438.25,17,0.0,0.0,0.0,29.675714285714285,False,False,False
2019-05-05,ORS,Pune,468.0,465.0,503.0,463.0,,454.0,18,0.01,0.0,0.0,28.93857142857143,False,False,False
2019-05-12,ORS,Pune,419.0,521.0,465.0,503.0,,488.0,19,0.8200000000000001,0.01,0.0,29.944285714285716,False,False,False
2019-05-19,ORS,Pune,504.0,461.0,521.0,465.0,,487.5,20,1.77,0.8200000000000001,0.01,27.68857142857143,False,False,False
2019-05-26,ORS,Pune,479.0,470.0,461.0,521.0,,479.25,21,0.0,1.77,0.8200000000000001,31.51571428571429,False,False,False
2019-06-02,ORS,Pune,475.0,468.0,470.0,461.0,,480.0,22,0.0,0.0,1.77,28.082857142857144,False,False,False
2019-06-09,ORS,Pune,443.0,419.0,468.0,470.0,,454.5,23,0.0,0.0,0.0,28.254285714285714,False,False,False
2019-06-16,ORS,Pune,472.0,504.0,419.0,468.0,,465.25,24,0.13,0.0,0.0,29.34142857142857,False,False,False
2019-06-23,ORS,Pune,434.0,479.0,504.0,419.0,,467.5,25,0.0,0.13,0.0,29.990000000000002,False,False,False
2019-06-30,ORS,Pune,521.0,475.0,479.0,504.0,,469.25,26,0.0,0.0,0.13,30.00857142857143,False,False,False
2019-07-07,ORS,Pune,436.0,443.0,475.0,479.0,,475.25,27,6.529999999999999,0.0,0.0,29.122857142857146,False,False,False
2019-07-14,ORS,Pune,976.0,472.0,443.0,475.0,,467.25,28,65.95,6.529999999999999,0.0,26.525714285714287,False,False,False
2019-07-21,ORS,Pune,934.0,434.0,472.0,443.0,,456.0,29,20.49,65.95,6.529999999999999,26.267142857142858,False,False,False
2019-07-28,ORS,Pune,753.0,521.0,434.0,472.0,,467.5,30,263.87,20.49,65.95,24.754285714285714,False,False,False
2019-08-04,ORS,Pune,561.0,436.0,521.0,434.0,,465.75,31,249.57,263.87,20.49,23.958571428571428,False,False,False
2019-08-11,ORS,Pune,1070.0,976.0,436.0,521.0,,591.75,32,160.14999999999998,249.57,263.87,24.525714285714287,False,False,False
2019-08-18,ORS,Pune,1167.0,934.0,976.0,436.0,,716.75,33,66.6,160.14999999999998,249.57,24.610000000000003,False,False,False
2019-08-25,ORS,Pune,749.0,753.0,934.0,976.0,,774.75,34,252.04,66.6,160.14999999999998,24.057142857142857,False,False,False
2019-09-01,ORS,Pune,461.0,561.0,753.0,934.0,,806.0,35,398.36,252.04,66.6,23.28,False,False,False
2019-09-08,ORS,Pune,503.0,1070.0,561.0,753.0,,829.5,36,185.38,398.36,252.04,23.31714285714286,False,False,False
2019-09-15,ORS,Pune,603.0,1167.0,1070.0,561.0,,887.75,37,41.2,185.38,398.36,23.608571428571427,False,False,False
2019-09-22,ORS,Pune,1022.0,749.0,1167.0,1070.0,,886.75,38,34.46,41.2,185.38,23.21142857142857,False,False,False
2019-09-29,ORS,Pune,640.0,461.0,749.0,1167.0,,861.75,39,70.72,34.46,41.2,23.47,False,False,False
2019-10-06,ORS,Pune,537.0,503.0,461.0,749.0,,720.0,40,309.9,70.72,34.46,23.405714285714286,False,False,False
2019-10-13,ORS,Pune,718.0,603.0,503.0,461.0,,579.0,41,137.17,309.9,70.72,23.427142857142858,False,False,False
2019-10-20,ORS,Pune,528.0,1022.0,603.0,503.0,,647.25,42,81.55,137.17,309.9,23.599999999999998,False,False,False
2019-10-27,ORS,Pune,536.0,640.0,1022.0,603.0,,692.0,43,134.79,81.55,137.17,23.382857142857144,False,False,False
2019-11-03,ORS,Pune,491.0,537.0,640.0,1022.0,,700.5,44,42.73,134.79,81.55,23.524285714285714,False,False,False
2019-11-10,ORS,Pune,559.0,718.0,537.0,640.0,,729.25,45,50.17,42.73,134.79,23.82,False,False,False
2019-11-17,ORS,Pune,481.0,528.0,718.0,537.0,,605.75,46,52.42,50.17,42.73,22.52,False,False,False
2019-11-24,ORS,Pune,465.0,536.0,528.0,718.0,,579.75,47,67.69,52.42,50.17,22.252857142857145,False,False,False
2019-12-01,ORS,Pune,444.0,491.0,536.0,528.0,,568.25,48,31.290000000000003,67.69,52.42,22.83142857142857,False,False,False
2019-12-08,ORS,Pune,422.0,559.0,491.0,536.0,,528.5,49,21.2,31.290000000000003,67.69,22.41142857142857,False,False,False
2019-12-15,ORS,Pune,438.0,481.0,559.0,491.0,,516.75,50,0.01,21.2,31.290000000000003,21.658571428571427,False,False,False
2019-12-22,ORS,Pune,418.0,465.0,481.0,559.0,,499.0,51,0.0,0.01,21.2,20.478571428571428,False,False,False
2019-12-29,ORS,Pune,426.0,444.0,465.0,481.0,,487.25,52,0.0,0.0,0.01,20.860000000000003,False,False,False
2020-01-05,ORS,Pune,437.0,422.0,444.0,465.0,,453.0,1,0.16,0.0,0.0,20.919999999999998,False,False,False
2020-01-12,ORS,Pune,368.0,438.0,422.0,444.0,410.0,442.25,2,0.0,0.16,0.0,20.842857142857145,False,False,False
2020-01-19,ORS,Pune,406.0,418.0,438.0,422.0,367.0,430.5,3,0.0,0.0,0.16,20.24285714285714,False,False,False
2020-01-26,ORS,Pune,402.0,426.0,418.0,438.0,425.0,426.0,4,0.24,0.0,0.0,20.94,False,False,False
2020-02-02,ORS,Pune,396.0,437.0,426.0,418.0,431.0,429.75,5,0.0,0.24,0.0,17.747142857142858,False,False,False
2020-02-09,ORS,Pune,409.0,368.0,437.0,426.0,339.0,412.25,6,0.0,0.0,0.24,19.02285714285714,False,False,False
2020-02-16,ORS,Pune,468.0,406.0,368.0,437.0,360.0,409.25,7,0.0,0.0,0.0,17.537142857142857,False,False,False
2020-02-23,ORS,Pune,390.0,402.0,406.0,368.0,419.0,403.25,8,0.0,0.0,0.0,20.982857142857142,False,False,False
2020-03-01,ORS,Pune,451.0,396.0,402.0,406.0,392.0,393.0,9,0.0,0.0,0.0,18.002857142857142,False,False,False
2020-03-08,ORS,Pune,363.0,409.0,396.0,402.0,402.0,403.25,10,0.0,0.0,0.0,18.954285714285714,False,False,False
2020-03-15,ORS,Pune,409.0,468.0,409.0,396.0,385.0,418.75,11,0.0,0.0,0.0,22.077142857142857,False,False,False
2020-03-22,ORS,Pune,437.0,390.0,468.0,409.0,463.0,415.75,12,0.0,0.0,0.0,23.46,False,False,False
2020-03-29,ORS,Pune,479.0,451.0,390.0,468.0,503.0,429.5,13,0.38,0.0,0.0,23.164285714285715,False,False,False
2020-04-05,ORS,Pune,502.0,363.0,451.0,390.0,465.0,418.0,14,0.0,0.38,0.0,21.45,False,False,False
2020-04-12,ORS,Pune,511.0,409.0,363.0,451.0,521.0,403.25,15,0.0,0.0,0.38,21.611428571428572,False,False,False
2020-04-19,ORS,Pune,497.0,437.0,409.0,363.0,461.0,415.0,16,0.11,0.0,0.0,25.74285714285714,False,False,False
2020-04-26,ORS,Pune,470.0,479.0,437.0,409.0,470.0,422.0,17,8.290000000000001,0.11,0.0,27.51571428571429,False,False,False
2020-05-03,ORS,Pune,536.0,502.0,479.0,437.0,468.0,456.75,18,0.39,8.290000000000001,0.11,28.608571428571427,False,False,False
2020-05-10,ORS,Pune,495.0,511.0,502.0,479.0,419.0,482.25,19,0.71,0.39,8.290000000000001,27.87,False,False,False
2020-05-17,ORS,Pune,457.0,497.0,511.0,502.0,504.0,497.25,20,2.16,0.71,0.39,30.97714285714286,False,False,False
2020-05-24,ORS,Pune,449.0,470.0,497.0,511.0,479.0,495.0,21,0.02,2.16,0.71,29.37,False,False,False
2020-05-31,ORS,Pune,476.0,536.0,470.0,497.0,475.0,503.5,22,7.62,0.02,2.16,30.06,False,False,False
2020-06-07,ORS,Pune,443.0,495.0,536.0,470.0,443.0,499.5,23,1.3,7.62,0.02,30.388571428571428,False,False,False
2020-06-14,ORS,Pune,431.0,457.0,495.0,536.0,472.0,489.5,24,12.639999999999999,1.3,7.62,29.728571428571428,False,False,False
2020-06-21,ORS,Pune,754.0,449.0,457.0,495.0,434.0,484.25,25,0.33,12.639999999999999,1.3,29.594285714285714,False,False,False
2020-06-28,ORS,Pune,517.0,476.0,449.0,457.0,521.0,469.25,26,1.17,0.33,12.639999999999999,29.367142857142856,False,False,False
2020-07-05,ORS,Pune,633.0,443.0,476.0,449.0,436.0,456.25,27,145.43,1.17,0.33,25.135714285714283,False,False,False
2020-07-12,ORS,Pune,523.0,431.0,443.0,476.0,976.0,449.75,28,53.57,145.43,1.17,24.785714285714285,False,False,False
2020-07-19,ORS,Pune,760.0,754.0,431.0,443.0,934.0,526.0,29,100.35,53.57,145.43,25.0,False,False,False
2020-07-26,ORS,Pune,748.0,517.0,754.0,431.0,753.0,536.25,30,36.42,100.35,53.57,25.27,False,False,False
2020-08-02,ORS,Pune,631.0,633.0,517.0,754.0,561.0,583.75,31,176.82999999999998,36.42,100.35,24.312857142857144,False,False,False
2020-08-09,ORS,Pune,555.0,523.0,633.0,517.0,1070.0,606.75,32,148.21,176.82999999999998,36.42,24.46142857142857,False,False,False
2020-08-16,ORS,Pune,528.0,760.0,523.0,633.0,1167.0,608.25,33,120.10000000000001,148.21,176.82999999999998,24.014285714285712,False,False,False
2020-08-23,ORS,Pune,919.0,748.0,760.0,523.0,749.0,666.0,34,72.45,120.10000000000001,148.21,23.96857142857143,False,False,False
2020-08-30,ORS,Pune,960.0,631.0,748.0,760.0,461.0,665.5,35,59.22,72.45,120.10000000000001,23.967142857142857,False,False,False
2020-09-06,ORS,Pune,721.0,555.0,631.0,748.0,503.0,673.5,36,294.57,59.22,72.45,23.88714285714286,False,False,False
2020-09-13,ORS,Pune,628.0,528.0,555.0,631.0,603.0,615.5,37,248.45,294.57,59.22,23.437142857142856,False,False,False
2020-09-20,ORS,Pune,557.0,919.0,528.0,555.0,1022.0,658.25,38,160.99,248.45,294.57,23.49857142857143,False,False,False
2020-09-27,ORS,Pune,642.0,960.0,919.0,528.0,640.0,740.5,39,99.89,160.99,248.45,23.240000000000002,False,False,False
2020-10-04,ORS,Pune,561.0,721.0,960.0,919.0,537.0,782.0,40,53.91,99.89,160.99,24.574285714285715,False,False,False
2020-10-11,ORS,Pune,650.0,628.0,721.0,960.0,718.0,807.0,41,95.81,53.91,99.89,24.22142857142857,False,False,False
2020-10-18,ORS,Pune,442.0,557.0,628.0,721.0,528.0,716.5,42,52.04,95.81,53.91,22.96857142857143,False,False,False
2020-10-25,ORS,Pune,485.0,642.0,557.0,628.0,536.0,637.0,43,112.99000000000001,52.04,95.81,23.364285714285717,False,False,False
2020-11-01,ORS,Pune,551.0,561.0,642.0,557.0,491.0,597.0,44,13.77,112.99000000000001,52.04,23.521428571428572,False,False,False
2020-11-08,ORS,Pune,501.0,650.0,561.0,642.0,559.0,602.5,45,29.24,13.77,112.99000000000001,23.917142857142856,False,False,False
2020-11-15,ORS,Pune,387.0,442.0,650.0,561.0,481.0,573.75,46,103.64,29.24,13.77,23.815714285714286,False,False,False
2020-11-22,ORS,Pune,397.0,485.0,442.0,650.0,465.0,534.5,47,68.16,103.64,29.24,24.02857142857143,False,False,False
2020-11-29,ORS,Pune,445.0,551.0,485.0,442.0,444.0,532.0,48,1.3,68.16,103.64,22.48428571428571,False,False,False
2020-12-06,ORS,Pune,403.0,501.0,551.0,485.0,422.0,494.75,49,0.0,1.3,68.16,20.995714285714286,False,False,False
2020-12-13,ORS,Pune,419.0,387.0,501.0,551.0,438.0,481.0,50,0.0,0.0,1.3,20.115714285714287,False,False,False
2020-12-20,ORS,Pune,477.0,397.0,387.0,501.0,418.0,459.0,51,1.26,0.0,0.0,22.92142857142857,False,False,False
2020-12-27,ORS,Pune,424.0,445.0,397.0,387.0,426.0,432.5,52,0.0,1.26,0.0,20.885714285714283,False,False,False
2021-01-03,ORS,Pune,469.0,403.0,445.0,397.0,437.0,408.0,53,0.0,0.0,1.26,20.31857142857143,False,False,False
2021-01-10,ORS,Pune,401.0,419.0,403.0,445.0,368.0,416.0,1,1.98,0.0,0.0,20.582857142857144,False,False,False
2021-01-17,ORS,Pune,426.0,477.0,419.0,403.0,406.0,436.0,2,4.72,1.98,0.0,19.890000000000004,False,False,False
2021-01-24,ORS,Pune,432.0,424.0,477.0,419.0,402.0,430.75,3,0.0,4.72,1.98,17.942857142857143,False,False,False
2021-01-31,ORS,Pune,422.0,469.0,424.0,477.0,396.0,447.25,4,0.01,0.0,4.72,20.12714285714286,False,False,False
2021-02-07,ORS,Pune,464.0,401.0,469.0,424.0,409.0,442.75,5,16.61,0.01,0.0,21.72714285714286,False,False,False
2021-02-14,ORS,Pune,375.0,426.0,401.0,469.0,468.0,430.0,6,0.0,16.61,0.01,22.285714285714285,False,False,False
2021-02-21,ORS,Pune,450.0,432.0,426.0,401.0,390.0,432.0,7,0.0,0.0,16.61,21.361428571428572,False,False,False
2021-02-28,ORS,Pune,444.0,422.0,432.0,426.0,451.0,420.25,8,0.0,0.0,0.0,19.845714285714287,False,False,False
2021-03-07,ORS,Pune,434.0,464.0,422.0,432.0,363.0,436.0,9,0.0,0.0,0.0,19.650000000000002,False,False,False
2021-03-14,ORS,Pune,398.0,375.0,464.0,422.0,409.0,423.25,10,0.0,0.0,0.0,20.851428571428574,False,False,False
2021-03-21,ORS,Pune,463.0,450.0,375.0,464.0,437.0,427.75,11,8.77,0.0,0.0,21.417142857142856,False,False,False
2021-03-28,ORS,Pune,460.0,444.0,450.0,375.0,479.0,433.25,12,0.0,8.77,0.0,24.018571428571427,False,False,False
2021-04-04,ORS,Pune,477.0,434.0,444.0,450.0,502.0,425.75,13,0.0,0.0,8.77,25.177142857142858,False,False,False
2021-04-11,ORS,Pune,510.0,398.0,434.0,444.0,511.0,431.5,14,0.0,0.0,0.0,25.945714285714285,False,False,False
2021-04-18,ORS,Pune,560.0,463.0,398.0,434.0,497.0,434.75,15,0.09000000000000001,0.0,0.0,26.560000000000002,False,False,False
2021-04-25,ORS,Pune,480.0,460.0,463.0,398.0,470.0,438.75,16,3.9299999999999997,0.09000000000000001,0.0,27.91,False,False,False
2021-05-02,ORS,Pune,484.0,477.0,460.0,463.0,536.0,449.5,17,0.0,3.9299999999999997,0.09000000000000001,27.047142857142855,False,False,False
2021-05-09,ORS,Pune,507.0,510.0,477.0,460.0,495.0,477.5,18,1.03,0.0,3.9299999999999997,29.247142857142855,False,False,False
2021-05-16,ORS,Pune,529.0,560.0,510.0,477.0,457.0,501.75,19,9.75,1.03,0.0,28.89428571428571,False,False,False
2021-05-23,ORS,Pune,539.0,480.0,560.0,510.0,449.0,506.75,20,0.0,9.75,1.03,28.31142857142857,False,False,False
2021-05-30,ORS,Pune,547.0,484.0,480.0,560.0,476.0,508.5,21,11.71,0.0,9.75,29.645714285714288,False,False,False
2021-06-06,ORS,Pune,837.0,507.0,484.0,480.0,443.0,507.75,22,18.93,11.71,0.0,29.084285714285716,False,False,False
2021-06-13,ORS,Pune,539.0,529.0,507.0,484.0,431.0,500.0,23,25.33,18.93,11.71,28.830000000000002,False,False,False
2021-06-20,ORS,Pune,534.0,539.0,529.0,507.0,754.0,514.75,24,180.9,25.33,18.93,25.595714285714283,False,False,False
2021-06-27,ORS,Pune,670.0,547.0,539.0,529.0,517.0,530.5,25,19.93,180.9,25.33,26.485714285714288,False,False,False
2021-07-04,ORS,Pune,813.0,837.0,547.0,539.0,633.0,613.0,26,74.71000000000001,19.93,180.9,25.791428571428572,False,False,False
2021-07-11,ORS,Pune,522.0,539.0,837.0,547.0,523.0,615.5,27,132.39,74.71000000000001,19.93,25.135714285714283,False,False,False
2021-07-18,ORS,Pune,448.0,534.0,539.0,837.0,760.0,614.25,28,218.34,132.39,74.71000000000001,24.822857142857142,False,False,False
2021-07-25,ORS,Pune,590.0,670.0,534.0,539.0,748.0,645.0,29,48.769999999999996,218.34,132.39,23.91857142857143,False,False,False
2021-08-01,ORS,Pune,862.0,813.0,670.0,534.0,631.0,639.0,30,30.560000000000002,48.769999999999996,218.34,24.321428571428573,False,False,False
2021-08-08,ORS,Pune,1129.0,522.0,813.0,670.0,555.0,634.75,31,59.75,30.560000000000002,48.769999999999996,24.217142857142857,False,False,False
2021-08-15,ORS,Pune,564.0,448.0,522.0,813.0,528.0,613.25,32,217.57,59.75,30.560000000000002,23.967142857142857,False,False,False
2021-08-22,ORS,Pune,572.0,590.0,448.0,522.0,919.0,593.25,33,418.55,217.57,59.75,23.64428571428571,False,False,False
2021-08-29,ORS,Pune,582.0,862.0,590.0,448.0,960.0,605.5,34,85.33,418.55,217.57,23.21142857142857,False,False,False
2021-09-05,ORS,Pune,710.0,1129.0,862.0,590.0,721.0,757.25,35,57.41,85.33,418.55,23.63714285714286,False,False,False
2021-09-12,ORS,Pune,574.0,564.0,1129.0,862.0,628.0,786.25,36,50.81,57.41,85.33,23.737142857142857,False,False,False
2021-09-19,ORS,Pune,655.0,572.0,564.0,1129.0,557.0,781.75,37,83.84,50.81,57.41,22.631428571428568,False,False,False
2021-09-26,ORS,Pune,704.0,582.0,572.0,564.0,642.0,711.75,38,10.57,83.84,50.81,23.49285714285714,False,False,False
2021-10-03,ORS,Pune,464.0,710.0,582.0,572.0,561.0,607.0,39,94.35,10.57,83.84,22.90285714285714,False,False,False
2021-10-10,ORS,Pune,594.0,574.0,710.0,582.0,650.0,609.5,40,159.94,94.35,10.57,23.625714285714285,False,False,False
2021-10-17,ORS,Pune,552.0,655.0,574.0,710.0,442.0,630.25,41,57.17,159.94,94.35,23.327142857142857,False,False,False
2021-10-24,ORS,Pune,543.0,704.0,655.0,574.0,485.0,660.75,42,67.82000000000001,57.17,159.94,23.327142857142857,False,False,False
2021-10-31,ORS,Pune,439.0,464.0,704.0,655.0,551.0,599.25,43,72.26,67.82000000000001,57.17,23.497142857142855,False,False,False
2021-11-07,ORS,Pune,442.0,594.0,464.0,704.0,501.0,604.25,44,57.6,72.26,67.82000000000001,24.585714285714285,False,False,False
2021-11-14,ORS,Pune,486.0,552.0,594.0,464.0,387.0,578.5,45,7.56,57.6,72.26,23.922857142857143,False,False,False
2021-11-21,ORS,Pune,475.0,543.0,552.0,594.0,397.0,538.25,46,0.21,7.56,57.6,21.872857142857146,False,False,False
2021-11-28,ORS,Pune,443.0,439.0,543.0,552.0,445.0,532.0,47,0.0,0.21,7.56,21.13,False,False,False
2021-12-05,ORS,Pune,462.0,442.0,439.0,543.0,403.0,494.0,48,10.809999999999999,0.0,0.21,22.351428571428574,False,False,False
2021-12-12,ORS,Pune,394.0,486.0,442.0,439.0,419.0,477.5,49,0.3,10.809999999999999,0.0,20.735714285714288,False,False,False
2021-12-19,ORS,Pune,585.0,475.0,486.0,442.0,477.0,460.5,50,27.95,0.3,10.809999999999999,23.92142857142857,False,False,False
2021-12-26,ORS,Pune,447.0,443.0,475.0,486.0,424.0,461.5,51,2.9,27.95,0.3,22.175714285714285,False,False,False
2022-01-02,ORS,Pune,513.0,462.0,443.0,475.0,469.0,466.5,52,79.93,2.9,27.95,19.895714285714284,False,False,False
2022-01-09,ORS,Pune,455.0,394.0,462.0,443.0,401.0,443.5,1,0.0,79.93,2.9,20.18857142857143,False,False,False
2022-01-16,ORS,Pune,486.0,585.0,394.0,462.0,426.0,471.0,2,0.0,0.0,79.93,19.32,False,False,False
2022-01-23,ORS,Pune,435.0,447.0,585.0,394.0,432.0,472.0,3,0.0,0.0,0.0,18.144285714285715,False,False,False
2022-01-30,ORS,Pune,408.0,513.0,447.0,585.0,422.0,484.75,4,0.01,0.0,0.0,19.360000000000003,False,False,False
2022-02-06,ORS,Pune,417.0,455.0,513.0,447.0,464.0,500.0,5,1.12,0.01,0.0,19.305714285714288,False,False,False
2022-02-13,ORS,Pune,425.0,486.0,455.0,513.0,375.0,475.25,6,0.0,1.12,0.01,16.987142857142857,False,False,False
2022-02-20,ORS,Pune,529.0,435.0,486.0,455.0,450.0,472.25,7,0.15000000000000002,0.0,1.12,19.145714285714288,False,False,False
2022-02-27,ORS,Pune,422.0,408.0,435.0,486.0,444.0,446.0,8,0.0,0.15000000000000002,0.0,16.357142857142858,False,False,False
2022-03-06,ORS,Pune,483.0,417.0,408.0,435.0,434.0,436.5,9,0.0,0.0,0.15000000000000002,18.701428571428572,False,False,False
2022-03-13,ORS,Pune,438.0,425.0,417.0,408.0,398.0,421.25,10,0.0,0.0,0.0,19.518571428571427,False,False,False
2022-03-20,ORS,Pune,524.0,529.0,425.0,417.0,463.0,444.75,11,0.0,0.0,0.0,20.22714285714286,False,False,False
2022-03-27,ORS,Pune,511.0,422.0,529.0,425.0,460.0,448.25,12,0.0,0.0,0.0,23.26571428571429,False,False,False
2022-04-03,ORS,Pune,502.0,483.0,422.0,529.0,477.0,464.75,13,0.0,0.0,0.0,24.372857142857146,False,False,False
2022-04-10,ORS,Pune,522.0,438.0,483.0,422.0,510.0,468.0,14,0.95,0.0,0.0,26.318571428571428,False,False,False
2022-04-17,ORS,Pune,489.0,524.0,438.0,483.0,560.0,466.75,15,0.0,0.95,0.0,27.327142857142857,False,False,False
2022-04-24,ORS,Pune,541.0,511.0,524.0,438.0,480.0,489.0,16,0.09,0.0,0.95,27.701428571428572,False,False,False
2022-05-01,ORS,Pune,518.0,502.0,511.0,524.0,484.0,493.75,17,0.0,0.09,0.0,28.664285714285715,False,False,False
2022-05-08,ORS,Pune,479.0,522.0,502.0,511.0,507.0,514.75,18,0.73,0.0,0.09,29.60571428571429,False,False,False
2022-05-15,ORS,Pune,465.0,489.0,522.0,502.0,529.0,506.0,19,0.03,0.73,0.0,29.077142857142857,False,False,False
2022-05-22,ORS,Pune,510.0,541.0,489.0,522.0,539.0,513.5,20,8.02,0.03,0.73,29.415714285714284,False,False,False
2022-05-29,ORS,Pune,561.0,518.0,541.0,489.0,547.0,517.5,21,0.86,8.02,0.03,30.490000000000002,False,False,False
2022-06-05,ORS,Pune,517.0,479.0,518.0,541.0,837.0,506.75,22,0.0,0.86,8.02,28.99857142857143,False,False,False
2022-06-12,ORS,Pune,483.0,465.0,479.0,518.0,539.0,500.75,23,0.02,0.0,0.86,29.00142857142857,False,False,False
2022-06-19,ORS,Pune,499.0,510.0,465.0,479.0,534.0,493.0,24,3.4499999999999997,0.02,0.0,28.162857142857142,False,False,False
2022-06-26,ORS,Pune,573.0,561.0,510.0,465.0,670.0,503.75,25,1.7,3.4499999999999997,0.02,27.771428571428572,False,False,False
2022-07-03,ORS,Pune,530.0,517.0,561.0,510.0,813.0,513.25,26,7.15,1.7,3.4499999999999997,28.132857142857144,False,False,False
2022-07-10,ORS,Pune,593.0,483.0,517.0,561.0,522.0,517.75,27,30.439999999999998,7.15,1.7,26.82428571428571,False,False,False
2022-07-17,ORS,Pune,796.0,499.0,483.0,517.0,448.0,515.0,28,31.64,30.439999999999998,7.15,26.054285714285715,False,False,False
2022-07-24,ORS,Pune,1135.0,573.0,499.0,483.0,590.0,518.0,29,77.26,31.64,30.439999999999998,24.82857142857143,False,False,False
2022-07-31,ORS,Pune,1319.0,530.0,573.0,499.0,862.0,521.25,30,136.17000000000002,77.26,31.64,24.534285714285716,False,False,False
2022-08-07,ORS,Pune,644.0,593.0,530.0,573.0,1129.0,548.75,31,319.28000000000003,136.17000000000002,77.26,23.56714285714286,False,False,False
2022-08-14,ORS,Pune,521.0,796.0,593.0,530.0,564.0,623.0,32,357.94,319.28000000000003,136.17000000000002,22.987142857142857,False,False,False
2022-08-21,ORS,Pune,591.0,1135.0,796.0,593.0,572.0,763.5,33,87.52,357.94,319.28000000000003,23.217142857142854,False,False,False
2022-08-28,ORS,Pune,1047.0,1319.0,1135.0,796.0,582.0,960.75,34,58.61000000000001,87.52,357.94,23.805714285714284,False,False,False
2022-09-04,ORS,Pune,759.0,644.0,1319.0,1135.0,710.0,973.5,35,101.98,58.61000000000001,87.52,23.695714285714285,False,False,False
2022-09-11,ORS,Pune,540.0,521.0,644.0,1319.0,574.0,904.75,36,232.36,101.98,58.61000000000001,22.951428571428572,False,False,False
2022-09-18,ORS,Pune,525.0,591.0,521.0,644.0,655.0,768.75,37,103.24,232.36,101.98,22.68857142857143,False,False,False
2022-09-25,ORS,Pune,779.0,1047.0,591.0,521.0,704.0,700.75,38,43.52,103.24,232.36,23.104285714285712,False,False,False
2022-10-02,ORS,Pune,753.0,759.0,1047.0,591.0,464.0,729.5,39,39.980000000000004,43.52,103.24,24.444285714285716,False,False,False
2022-10-09,ORS,Pune,491.0,540.0,759.0,1047.0,594.0,734.25,40,117.67,39.980000000000004,43.52,24.192857142857143,False,False,False
2022-10-16,ORS,Pune,583.0,525.0,540.0,759.0,552.0,717.75,41,182.18,117.67,39.980000000000004,23.18142857142857,False,False,False
2022-10-23,ORS,Pune,550.0,779.0,525.0,540.0,543.0,650.75,42,33.18,182.18,117.67,21.81714285714286,False,False,False
2022-10-30,ORS,Pune,617.0,753.0,779.0,525.0,439.0,649.25,43,45.67,33.18,182.18,22.995714285714286,False,False,False
2022-11-06,ORS,Pune,596.0,491.0,753.0,779.0,442.0,637.0,44,52.660000000000004,45.67,33.18,22.805714285714284,False,False,False
2022-11-13,ORS,Pune,477.0,583.0,491.0,753.0,486.0,651.5,45,76.87,52.660000000000004,45.67,23.28,False,False,False
2022-11-20,ORS,Pune,517.0,550.0,583.0,491.0,475.0,594.25,46,70.03,76.87,52.660000000000004,22.722857142857144,False,False,False
2022-11-27,ORS,Pune,468.0,617.0,550.0,583.0,443.0,560.25,47,0.0,70.03,76.87,19.524285714285714,False,False,False
2022-12-04,ORS,Pune,489.0,596.0,617.0,550.0,462.0,586.5,48,0.0,0.0,70.03,19.78142857142857,False,False,False
2022-12-11,ORS,Pune,389.0,477.0,596.0,617.0,394.0,560.0,49,0.0,0.0,0.0,20.102857142857143,False,False,False
2022-12-18,ORS,Pune,464.0,517.0,477.0,596.0,585.0,551.75,50,0.0,0.0,0.0,18.481428571428573,False,False,False
2022-12-25,ORS,Pune,435.0,468.0,517.0,477.0,447.0,514.5,51,0.18,0.0,0.0,20.291428571428572,False,False,False
2023-01-01,ORS,Pune,422.0,489.0,468.0,517.0,513.0,487.75,52,0.0,0.18,0.0,20.31714285714286,False,False,False
2023-01-08,ORS,Pune,434.0,389.0,489.0,468.0,455.0,465.75,1,0.1,0.0,0.18,19.504285714285714,False,False,False
2023-01-15,ORS,Pune,454.0,464.0,389.0,489.0,486.0,452.5,2,0.67,0.1,0.0,22.172857142857143,False,False,False
2023-01-22,ORS,Pune,501.0,435.0,464.0,389.0,435.0,444.25,3,0.0,0.67,0.1,19.608571428571427,False,False,False
2023-01-29,ORS,Pune,418.0,422.0,435.0,464.0,408.0,427.5,4,0.0,0.0,0.67,20.041428571428572,False,False,False
2023-02-05,ORS,Pune,469.0,434.0,422.0,435.0,417.0,438.75,5,0.0,0.0,0.0,19.398571428571426,False,False,False
2023-02-12,ORS,Pune,450.0,454.0,434.0,422.0,425.0,436.25,6,0.0,0.0,0.0,17.37142857142857,False,False,False
2023-02-19,ORS,Pune,456.0,501.0,454.0,434.0,529.0,452.75,7,0.0,0.0,0.0,18.972857142857144,False,False,False
2023-02-26,ORS,Pune,506.0,418.0,501.0,454.0,422.0,451.75,8,0.09,0.0,0.0,19.59857142857143,False,False,False
2023-03-05,ORS,Pune,493.0,469.0,418.0,501.0,483.0,460.5,9,0.0,0.09,0.0,20.74857142857143,False,False,False
2023-03-12,ORS,Pune,533.0,450.0,469.0,418.0,438.0,459.5,10,0.0,0.0,0.09,21.58857142857143,False,False,False
2023-03-19,ORS,Pune,466.0,456.0,450.0,469.0,524.0,448.25,11,0.0,0.0,0.0,23.017142857142858,False,False,False
2023-03-26,ORS,Pune,447.0,506.0,456.0,450.0,511.0,470.25,12,0.0,0.0,0.0,23.832857142857144,False,False,False
2023-04-02,ORS,Pune,471.0,493.0,506.0,456.0,502.0,476.25,13,0.0,0.0,0.0,25.245714285714286,False,False,False
2023-04-09,ORS,Pune,529.0,533.0,493.0,506.0,522.0,497.0,14,1.59,0.0,0.0,25.81142857142857,False,False,False
2023-04-16,ORS,Pune,545.0,466.0,533.0,493.0,489.0,499.5,15,4.76,1.59,0.0,25.138571428571428,False,False,False
2023-04-23,ORS,Pune,489.0,447.0,466.0,533.0,541.0,484.75,16,5.489999999999999,4.76,1.59,22.634285714285713,False,False,False
2023-04-30,ORS,Pune,538.0,471.0,447.0,466.0,518.0,479.25,17,0.0,5.489999999999999,4.76,24.07857142857143,False,False,False
2023-05-07,ORS,Pune,515.0,529.0,471.0,447.0,479.0,478.25,18,4.55,0.0,5.489999999999999,27.464285714285715,False,False,False
2023-05-14,ORS,Pune,659.0,545.0,529.0,471.0,465.0,498.0,19,11.78,4.55,0.0,29.43857142857143,False,False,False
2023-05-21,ORS,Pune,624.0,489.0,545.0,529.0,510.0,508.5,20,1.78,11.78,4.55,28.65285714285714,False,False,False
2023-05-28,ORS,Pune,505.0,538.0,489.0,545.0,561.0,525.25,21,3.21,1.78,11.78,27.625714285714285,False,False,False
2023-06-04,ORS,Pune,517.0,515.0,538.0,489.0,517.0,521.75,22,3.79,3.21,1.78,26.987142857142857,False,False,False
2023-06-11,ORS,Pune,460.0,659.0,515.0,538.0,483.0,550.25,23,6.25,3.79,3.21,29.675714285714285,False,False,False
2023-06-18,ORS,Pune,503.0,624.0,659.0,515.0,499.0,584.0,24,0.01,6.25,3.79,29.13714285714286,False,False,False
2023-06-25,ORS,Pune,533.0,505.0,624.0,659.0,573.0,575.75,25,2.63,0.01,6.25,28.77285714285714,False,False,False
2023-07-02,ORS,Pune,553.0,517.0,505.0,624.0,530.0,576.25,26,11.69,2.63,0.01,28.73,False,False,False
2023-07-09,ORS,Pune,590.0,460.0,517.0,505.0,593.0,526.5,27,11.59,11.69,2.63,27.822857142857142,False,False,False
2023-07-16,ORS,Pune,900.0,503.0,460.0,517.0,796.0,496.25,28,14.81,11.59,11.69,27.072857142857142,False,False,False
2023-07-23,ORS,Pune,648.0,533.0,503.0,460.0,1135.0,503.25,29,75.75999999999999,14.81,11.59,26.521428571428572,False,False,False
2023-07-30,ORS,Pune,600.0,553.0,533.0,503.0,1319.0,512.25,30,237.48999999999998,75.75999999999999,14.81,23.797142857142855,False,False,False
2023-08-06,ORS,Pune,1123.0,590.0,553.0,533.0,644.0,544.75,31,153.3,237.48999999999998,75.75999999999999,24.419999999999998,False,False,False
2023-08-13,ORS,Pune,1002.0,900.0,590.0,553.0,521.0,644.0,32,65.9,153.3,237.48999999999998,24.082857142857144,False,False,False
2023-08-20,ORS,Pune,574.0,648.0,900.0,590.0,591.0,672.75,33,375.58,65.9,153.3,23.458571428571428,False,False,False
2023-08-27,ORS,Pune,535.0,600.0,648.0,900.0,1047.0,684.5,34,285.09,375.58,65.9,23.487142857142857,False,False,False
2023-09-03,ORS,Pune,469.0,1123.0,600.0,648.0,759.0,817.75,35,70.11,285.09,375.58,23.412857142857145,False,False,False
2023-09-10,ORS,Pune,535.0,1002.0,1123.0,600.0,540.0,843.25,36,30.82,70.11,285.09,23.22,False,False,False
2023-09-17,ORS,Pune,669.0,574.0,1002.0,1123.0,525.0,824.75,37,33.910000000000004,30.82,70.11,23.189999999999998,False,False,False
2023-09-24,ORS,Pune,635.0,535.0,574.0,1002.0,779.0,808.5,38,64.15,33.910000000000004,30.82,23.537142857142857,False,False,False
2023-10-01,ORS,Pune,483.0,469.0,535.0,574.0,753.0,645.0,39,46.64,64.15,33.910000000000004,23.860000000000003,False,False,False
2023-10-08,ORS,Pune,810.0,535.0,469.0,535.0,491.0,528.25,40,114.75999999999999,46.64,64.15,23.42142857142857,False,False,False
2023-10-15,ORS,Pune,882.0,669.0,535.0,469.0,583.0,552.0,41,25.22,114.75999999999999,46.64,23.431428571428572,False,False,False
2023-10-22,ORS,Pune,451.0,635.0,669.0,535.0,550.0,577.0,42,113.50999999999999,25.22,114.75999999999999,23.827142857142857,False,False,False
2023-10-29,ORS,Pune,466.0,483.0,635.0,669.0,617.0,580.5,43,117.99000000000001,113.50999999999999,25.22,24.042857142857144,False,False,False
2023-11-05,ORS,Pune,496.0,810.0,483.0,635.0,596.0,649.25,44,8.959999999999999,117.99000000000001,113.50999999999999,23.39428571428571,False,False,False
2023-11-12,ORS,Pune,547.0,882.0,810.0,483.0,477.0,702.5,45,0.05,8.959999999999999,117.99000000000001,23.91142857142857,False,False,False
2023-11-19,ORS,Pune,443.0,451.0,882.0,810.0,517.0,656.5,46,1.4100000000000001,0.05,8.959999999999999,23.925714285714285,False,False,False
2023-11-26,ORS,Pune,511.0,466.0,451.0,882.0,468.0,652.25,47,0.0,1.4100000000000001,0.05,21.664285714285715,False,False,False
2023-12-03,ORS,Pune,512.0,496.0,466.0,451.0,489.0,573.75,48,0.0,0.0,1.4100000000000001,21.442857142857143,False,False,False
2023-12-10,ORS,Pune,519.0,547.0,496.0,466.0,389.0,490.0,49,20.22,0.0,0.0,22.655714285714286,False,False,False
2023-12-17,ORS,Pune,480.0,443.0,547.0,496.0,464.0,488.0,50,0.0,20.22,0.0,21.094285714285714,False,False,False
2023-12-24,ORS,Pune,477.0,511.0,443.0,547.0,435.0,499.25,51,9.67,0.0,20.22,21.86285714285714,False,False,False
2023-12-31,ORS,Pune,430.0,512.0,511.0,443.0,422.0,503.25,52,6.21,9.67,0.0,22.02285714285714,False,False,False
2024-01-07,ORS,Pune,474.0,519.0,512.0,511.0,434.0,496.25,1,0.02,6.21,9.67,21.302857142857142,False,False,False
2024-01-14,ORS,Pune,473.0,480.0,519.0,512.0,454.0,505.5,2,0.0,0.02,6.21,19.65142857142857,False,False,False
2024-01-21,ORS,Pune,493.0,477.0,480.0,519.0,501.0,497.0,3,0.0,0.0,0.02,19.444285714285716,False,False,False
2024-01-28,ORS,Pune,468.0,430.0,477.0,480.0,418.0,476.5,4,0.0,0.0,0.0,20.568571428571428,False,False,False
2024-02-04,ORS,Pune,503.0,474.0,430.0,477.0,469.0,465.25,5,0.0,0.0,0.0,20.17142857142857,False,False,False
2024-02-11,ORS,Pune,524.0,473.0,474.0,430.0,450.0,463.5,6,2.86,0.0,0.0,21.610000000000003,False,False,False
2024-02-18,ORS,Pune,491.0,493.0,473.0,474.0,456.0,467.5,7,0.0,2.86,0.0,18.907142857142855,False,False,False
2024-02-25,ORS,Pune,499.0,468.0,493.0,473.0,506.0,477.0,8,0.0,0.0,2.86,19.65142857142857,False,False,False
2024-03-03,ORS,Pune,503.0,503.0,468.0,493.0,493.0,484.25,9,0.0,0.0,0.0,21.080000000000002,False,False,False
2024-03-10,ORS,Pune,486.0,524.0,503.0,468.0,533.0,497.0,10,0.0,0.0,0.0,22.767142857142858,False,False,False
2024-03-17,ORS,Pune,463.0,491.0,524.0,503.0,466.0,496.5,11,0.0,0.0,0.0,23.57,False,False,False
2024-03-24,ORS,Pune,526.0,499.0,491.0,524.0,447.0,504.25,12,0.0,0.0,0.0,21.967142857142854,False,False,False
2024-03-31,ORS,Pune,554.0,503.0,499.0,491.0,471.0,504.25,13,0.9,0.0,0.0,26.012857142857143,False,False,False
2024-04-07,ORS,Pune,649.0,486.0,503.0,499.0,529.0,494.75,14,0.0,0.9,0.0,23.84857142857143,False,False,False
2024-04-14,ORS,Pune,622.0,463.0,486.0,503.0,545.0,487.75,15,0.0,0.0,0.9,25.208571428571428,False,False,False
2024-04-21,ORS,Pune,604.0,526.0,463.0,486.0,489.0,494.5,16,0.0,0.0,0.0,26.755714285714284,False,False,False
2024-04-28,ORS,Pune,546.0,554.0,526.0,463.0,538.0,507.25,17,0.29000000000000004,0.0,0.0,29.764285714285712,False,False,False
2024-05-05,ORS,Pune,528.0,649.0,554.0,526.0,515.0,548.0,18,0.0,0.29000000000000004,0.0,29.542857142857144,False,False,False
2024-05-12,ORS,Pune,613.0,622.0,649.0,554.0,659.0,587.75,19,0.01,0.0,0.29000000000000004,29.268571428571427,False,False,False
2024-05-19,ORS,Pune,571.0,604.0,622.0,649.0,624.0,607.25,20,4.02,0.01,0.0,31.50857142857143,False,False,False
2024-05-26,ORS,Pune,636.0,546.0,604.0,622.0,505.0,605.25,21,1.97,4.02,0.01,31.245714285714286,False,False,False
2024-06-02,ORS,Pune,515.0,528.0,546.0,604.0,517.0,575.0,22,0.0,1.97,4.02,30.5,False,False,False
2024-06-09,ORS,Pune,584.0,613.0,528.0,546.0,460.0,572.75,23,26.09,0.0,1.97,29.474285714285713,False,False,False
2024-06-16,ORS,Pune,514.0,571.0,613.0,528.0,503.0,564.5,24,23.5,26.09,0.0,29.678571428571427,False,False,False
2024-06-23,ORS,Pune,694.0,636.0,571.0,613.0,533.0,587.0,25,11.9,23.5,26.09,29.714285714285715,False,False,False
2024-06-30,ORS,Pune,578.0,515.0,636.0,571.0,553.0,583.75,26,0.32,11.9,23.5,29.08285714285714,False,False,False
2024-07-07,ORS,Pune,676.0,584.0,515.0,636.0,590.0,576.5,27,131.31,0.32,11.9,26.98428571428571,False,False,False
2024-07-14,ORS,Pune,728.0,514.0,584.0,515.0,900.0,562.25,28,54.75,131.31,0.32,25.342857142857145,False,False,False
2024-07-21,ORS,Pune,739.0,694.0,514.0,584.0,648.0,576.75,29,82.23,54.75,131.31,25.50857142857143,False,False,False
2024-07-28,ORS,Pune,944.0,578.0,694.0,514.0,600.0,592.5,30,116.44,82.23,54.75,24.845714285714283,False,False,False
2024-08-04,ORS,Pune,885.0,676.0,578.0,694.0,1123.0,615.5,31,132.2,116.44,82.23,25.375714285714285,False,False,False
2024-08-11,ORS,Pune,1303.0,728.0,676.0,578.0,1002.0,669.0,32,229.81,132.2,116.44,24.18857142857143,False,False,False
2024-08-18,ORS,Pune,1091.0,739.0,728.0,676.0,574.0,680.25,33,204.99,229.81,132.2,23.84,False,False,False
2024-08-25,ORS,Pune,505.0,944.0,739.0,728.0,535.0,771.75,34,396.88,204.99,229.81,23.38714285714286,False,False,False
2024-09-01,ORS,Pune,729.0,885.0,944.0,739.0,469.0,824.0,35,241.28,396.88,204.99,23.8,False,False,False
2024-09-08,ORS,Pune,812.0,1303.0,885.0,944.0,535.0,967.75,36,70.58,241.28,396.88,23.754285714285714,False,False,False
2024-09-15,ORS,Pune,684.0,1091.0,1303.0,885.0,669.0,1055.75,37,124.69999999999999,70.58,241.28,24.61428571428571,False,False,False
2024-09-22,ORS,Pune,671.0,505.0,1091.0,1303.0,635.0,946.0,38,153.01999999999998,124.69999999999999,70.58,24.608571428571427,False,False,False
2024-09-29,ORS,Pune,505.0,729.0,505.0,1091.0,483.0,907.0,39,86.9,153.01999999999998,124.69999999999999,23.66,False,False,False
2024-10-06,ORS,Pune,546.0,812.0,729.0,505.0,810.0,784.25,40,98.09,86.9,153.01999999999998,23.325714285714287,False,False,False
2024-10-13,ORS,Pune,1086.0,684.0,812.0,729.0,882.0,682.5,41,45.84,98.09,86.9,23.189999999999998,False,False,False
2024-10-20,ORS,Pune,458.0,671.0,684.0,812.0,451.0,724.0,42,18.419999999999998,45.84,98.09,22.931428571428572,False,False,False
2024-10-27,ORS,Pune,636.0,505.0,671.0,684.0,466.0,668.0,43,229.27,18.419999999999998,45.84,23.75857142857143,False,False,False
2024-11-03,ORS,Pune,579.0,546.0,505.0,671.0,496.0,601.5,44,12.780000000000001,229.27,18.419999999999998,24.464285714285715,False,False,False
2024-11-10,ORS,Pune,510.0,1086.0,546.0,505.0,547.0,702.0,45,48.99,12.780000000000001,229.27,24.16857142857143,False,False,False
2024-11-17,ORS,Pune,458.0,458.0,1086.0,546.0,443.0,648.75,46,48.95,48.99,12.780000000000001,24.392857142857142,False,False,False
2024-11-24,ORS,Pune,485.0,636.0,458.0,1086.0,511.0,681.5,47,7.640000000000001,48.95,48.99,23.101428571428574,False,False,False
2024-12-01,ORS,Pune,558.0,579.0,636.0,458.0,512.0,689.75,48,1.49,7.640000000000001,48.95,22.54714285714286,False,False,False
2024-12-08,ORS,Pune,522.0,510.0,579.0,636.0,519.0,545.75,49,0.0,1.49,7.640000000000001,21.071428571428573,False,False,False
2024-12-15,ORS,Pune,568.0,458.0,510.0,579.0,480.0,545.75,50,3.5399999999999996,0.0,1.49,20.974285714285713,False,False,False
2024-12-22,ORS,Pune,549.0,485.0,458.0,510.0,477.0,508.0,51,0.0,3.5399999999999996,0.0,18.52285714285714,False,False,False
2024-12-29,ORS,Pune,517.0,558.0,485.0,458.0,430.0,502.75,52,0.0,0.0,3.5399999999999996,17.897142857142857,False,False,False
2025-01-05,ORS,Pune,570.0,522.0,558.0,485.0,474.0,505.75,1,1.07,0.0,0.0,22.62,False,False,False
2025-01-12,ORS,Pune,521.0,568.0,522.0,558.0,473.0,533.25,2,0.0,1.07,0.0,17.82857142857143,False,False,False
2025-01-19,ORS,Pune,534.0,549.0,568.0,522.0,493.0,549.25,3,0.0,0.0,1.07,18.53857142857143,False,False,False
2025-01-26,ORS,Pune,489.0,517.0,549.0,568.0,468.0,539.0,4,1.4100000000000001,0.0,0.0,20.664285714285715,False,False,False
2025-02-02,ORS,Pune,504.0,570.0,517.0,549.0,503.0,551.0,5,0.0,1.4100000000000001,0.0,20.044285714285714,False,False,False
2025-02-09,ORS,Pune,473.0,521.0,570.0,517.0,524.0,539.25,6,0.0,0.0,1.4100000000000001,18.73857142857143,False,False,False
2025-02-16,ORS,Pune,541.0,534.0,521.0,570.0,491.0,535.5,7,0.0,0.0,0.0,20.662857142857142,False,False,False
2025-02-23,ORS,Pune,455.0,489.0,534.0,521.0,499.0,528.5,8,0.0,0.0,0.0,21.481428571428573,False,False,False
2025-03-02,ORS,Pune,543.0,504.0,489.0,534.0,503.0,512.0,9,0.0,0.0,0.0,22.31142857142857,False,False,False
2025-03-09,ORS,Pune,507.0,473.0,504.0,489.0,486.0,500.0,10,0.0,0.0,0.0,23.228571428571428,False,False,False
2025-03-16,ORS,Pune,602.0,541.0,473.0,504.0,463.0,501.75,11,0.0,0.0,0.0,23.487142857142857,False,False,False
2025-03-23,ORS,Pune,566.0,455.0,541.0,473.0,526.0,493.25,12,0.0,0.0,0.0,24.389999999999997,False,False,False
2025-03-30,ORS,Pune,633.0,543.0,455.0,541.0,554.0,503.0,13,0.0,0.0,0.0,25.557142857142857,False,False,False
2025-04-06,ORS,Pune,602.0,507.0,543.0,455.0,649.0,511.5,14,0.0,0.0,0.0,25.815714285714286,False,False,False
2025-04-13,ORS,Pune,497.0,602.0,507.0,543.0,622.0,526.75,15,0.0,0.0,0.0,28.157142857142855,False,False,False
2025-04-20,ORS,Pune,586.0,566.0,602.0,507.0,604.0,554.5,16,0.0,0.0,0.0,27.057142857142857,False,False,False
2025-04-27,ORS,Pune,535.0,633.0,566.0,602.0,546.0,577.0,17,0.0,0.0,0.0,28.23,False,False,False
2025-05-04,ORS,Pune,553.0,602.0,633.0,566.0,528.0,600.75,18,8.77,0.0,0.0,29.31857142857143,False,False,False
2025-05-11,ORS,Pune,589.0,497.0,602.0,633.0,613.0,574.5,19,0.0,8.77,0.0,29.254285714285714,False,False,False
2025-05-18,ORS,Pune,569.0,586.0,497.0,602.0,571.0,579.5,20,0.0,0.0,8.77,29.445714285714285,False,False,False
2025-05-25,ORS,Pune,532.0,535.0,586.0,497.0,636.0,555.0,21,0.04,0.0,0.0,30.674285714285713,False,False,False
2025-06-01,ORS,Pune,537.0,553.0,535.0,586.0,515.0,542.75,22,0.01,0.04,0.0,29.75,False,False,False
2025-06-08,ORS,Pune,920.0,589.0,553.0,535.0,584.0,565.75,23,24.76,0.01,0.04,26.33285714285714,False,False,False
2025-06-15,ORS,Pune,704.0,569.0,589.0,553.0,514.0,561.5,24,38.12,24.76,0.01,27.365714285714287,False,False,False
2025-06-22,ORS,Pune,562.0,532.0,569.0,589.0,694.0,560.75,25,205.42,38.12,24.76,25.54714285714286,False,False,False
2025-06-29,ORS,Pune,730.0,537.0,532.0,569.0,578.0,556.75,26,134.31,205.42,38.12,25.138571428571428,False,False,False
2025-07-06,ORS,Pune,1037.0,920.0,537.0,532.0,676.0,639.5,27,43.13,134.31,205.42,24.944285714285716,False,False,False
2025-07-13,ORS,Pune,729.0,704.0,920.0,537.0,728.0,673.25,28,101.96,43.13,134.31,25.285714285714285,False,False,False
2025-07-20,ORS,Pune,659.0,562.0,704.0,920.0,739.0,680.75,29,220.47,101.96,43.13,24.73428571428571,False,False,False
2025-07-27,ORS,Pune,664.0,730.0,562.0,704.0,944.0,729.0,30,93.17,220.47,101.96,24.244285714285713,False,False,False
2025-08-03,ORS,Pune,689.0,1037.0,730.0,562.0,885.0,758.25,31,149.34,93.17,220.47,23.895714285714284,False,False,False
2025-08-10,ORS,Pune,1001.0,729.0,1037.0,730.0,1303.0,764.5,32,69.74000000000001,149.34,93.17,23.677142857142858,False,False,False
2025-08-17,ORS,Pune,697.0,659.0,729.0,1037.0,1091.0,788.75,33,87.95,69.74000000000001,149.34,24.18142857142857,False,False,False
2025-08-24,ORS,Pune,477.0,664.0,659.0,729.0,505.0,772.25,34,229.73000000000002,87.95,69.74000000000001,23.694285714285716,False,False,False
2025-08-31,ORS,Pune,789.0,689.0,664.0,659.0,729.0,685.25,35,53.67,229.73000000000002,87.95,23.261428571428574,False,False,False
2025-09-07,ORS,Pune,1066.0,1001.0,689.0,664.0,812.0,753.25,36,30.490000000000002,53.67,229.73000000000002,23.648571428571433,False,False,False
2025-09-14,ORS,Pune,620.0,697.0,1001.0,689.0,684.0,762.75,37,158.78,30.490000000000002,53.67,23.124285714285715,False,False,False
2025-09-21,ORS,Pune,748.0,477.0,697.0,1001.0,671.0,716.0,38,253.37,158.78,30.490000000000002,22.72,False,False,False
2025-09-28,ORS,Pune,649.0,789.0,477.0,697.0,505.0,741.0,39,99.08,253.37,158.78,23.24142857142857,False,False,False
2025-10-05,ORS,Pune,877.0,1066.0,789.0,477.0,546.0,757.25,40,78.55000000000001,99.08,253.37,23.02857142857143,False,False,False
2025-10-12,ORS,Pune,771.0,620.0,1066.0,789.0,1086.0,738.0,41,59.379999999999995,78.55000000000001,99.08,23.192857142857143,False,False,False
2025-10-19,ORS,Pune,636.0,748.0,620.0,1066.0,458.0,805.75,42,154.4,59.379999999999995,78.55000000000001,23.384285714285713,False,False,False
2025-10-26,ORS,Pune,578.0,649.0,748.0,620.0,636.0,770.75,43,147.37,154.4,59.379999999999995,22.565714285714286,False,False,False
2025-11-02,ORS,Pune,530.0,877.0,649.0,748.0,579.0,723.5,44,42.1,147.37,154.4,22.58142857142857,False,False,False
2025-11-09,ORS,Pune,629.0,771.0,877.0,649.0,510.0,761.25,45,9.64,42.1,147.37,22.465714285714284,False,False,False
2025-11-16,ORS,Pune,629.0,636.0,771.0,877.0,458.0,733.25,46,3.33,9.64,42.1,22.707142857142856,False,False,False
2025-11-23,ORS,Pune,486.0,578.0,636.0,771.0,485.0,715.5,47,51.53,3.33,9.64,23.31142857142857,False,False,False
2025-11-30,ORS,Pune,509.0,530.0,578.0,636.0,558.0,628.75,48,50.71,51.53,3.33,22.948571428571427,False,False,False
2025-12-07,ORS,Pune,509.0,629.0,530.0,578.0,522.0,593.25,49,3.83,50.71,51.53,20.541428571428572,False,False,False
2025-12-14,ORS,Pune,531.0,629.0,629.0,530.0,568.0,591.5,50,0.0,3.83,50.71,17.478571428571428,False,False,False
2025-12-21,ORS,Pune,557.0,486.0,629.0,629.0,549.0,568.5,51,0.0,0.0,3.83,18.072857142857142,False,False,False
2025-12-28,ORS,Pune,472.0,509.0,486.0,629.0,517.0,563.25,52,0.0,0.0,0.0,19.512857142857143,False,False,False
