date,actual,baseline,lightgbm_v2,prophet,blend
2025-01-05,570,474.0,500.147194090108,505.2972588036743,502.7222264468911
2025-01-12,521,473.0,493.4493228309024,507.6555434832645,500.55243315708344
2025-01-19,534,493.0,503.19216148073815,498.2221231278651,500.7071423043016
2025-01-26,489,468.0,482.4484592923037,493.7097794396702,488.07911936598697
2025-02-02,504,503.0,495.8370828593063,496.21596242597127,496.0265226426388
2025-02-09,473,524.0,485.54063768424,502.4174408874472,493.97903928584356
2025-02-16,541,491.0,502.82038140705583,507.2356317584829,505.02800658276936
2025-02-23,455,499.0,509.3657304538145,513.8722522897957,511.6189913718051
2025-03-02,543,503.0,510.3896707680415,515.2592300748106,512.824450421426
2025-03-09,507,486.0,531.4325380553768,510.9212185500012,521.1768783026889
2025-03-16,602,463.0,536.230811095673,511.6546620477185,523.9427365716957
2025-03-23,566,526.0,498.3951623876986,527.6913081847454,513.043235286222
2025-03-30,633,554.0,534.7401293744638,558.9854678265291,546.8627986004965
2025-04-06,602,649.0,585.088703236837,589.7587939207461,587.4237485787916
2025-04-13,497,622.0,584.9193145261585,596.5249496247392,590.7221320754488
2025-04-20,586,604.0,592.3576803671555,603.4312690288884,597.8944746980219
2025-04-27,535,546.0,562.9347063644577,567.7461688725497,565.3404376185038
2025-05-04,553,528.0,573.7086807935996,565.6534565654043,569.681068679502
2025-05-11,589,613.0,583.0368342087902,580.8328807127139,581.934857460752
2025-05-18,569,571.0,522.3990374358976,591.8757330993008,557.1373852675993
2025-05-25,532,636.0,559.1669450048976,633.5482975546846,596.3576212797911
2025-06-01,537,515.0,556.0312084097566,640.1685624686309,598.0998854391937
2025-06-08,920,584.0,821.0668971691083,960.6111080298272,890.8390025994677
2025-06-15,704,514.0,727.5519764338671,797.0625247356259,762.3072505847465
2025-06-22,562,694.0,520.983087545007,603.4356069747901,562.2093472598985
2025-06-29,730,578.0,617.7546447090245,721.0508581322786,669.4027514206516
2025-07-06,1037,676.0,941.9033435604508,951.9553390882804,946.9293413243656
2025-07-13,729,728.0,685.0751156674903,686.1703923824253,685.6227540249579
2025-07-20,659,739.0,683.1460207890443,812.1938777693313,747.6699492791878
2025-07-27,664,944.0,533.4642368167176,668.6656898518029,601.0649633342603
2025-08-03,689,885.0,678.8437269495631,701.8715874667088,690.357657208136
2025-08-10,1001,1303.0,1025.0590977513257,974.9947139090632,1000.0269058301944
2025-08-17,697,1091.0,550.4172474465471,603.2971985297578,576.8572229881524
2025-08-24,477,505.0,508.9103109524871,570.7731305031323,539.8417207278097
2025-08-31,789,729.0,760.5559522648817,865.1322772781713,812.8441147715265
2025-09-07,1066,812.0,1004.5792873815508,1060.324292419416,1032.4517899004834
2025-09-14,620,684.0,702.5680027561743,724.5022225027483,713.5351126294613
2025-09-21,748,671.0,578.8504880070994,663.4084990703276,621.1294935387135
2025-09-28,649,505.0,513.8586037122521,626.6716683745027,570.2651360433774
2025-10-05,877,546.0,790.794731135454,833.7735015561974,812.2841163458256
2025-10-12,771,1086.0,741.0481395434601,832.9765190786361,787.0123293110481
2025-10-19,636,458.0,498.29530320168953,616.4763866705388,557.3858449361142
2025-10-26,578,636.0,509.4041440727811,541.9200255315362,525.6620848021587
2025-11-02,530,579.0,477.0008975002547,521.3333087654412,499.16710313284796
2025-11-09,629,510.0,567.3796996898607,620.1883854777294,593.7840425837951
2025-11-16,629,458.0,597.178488623632,627.5400837658626,612.3592861947473
2025-11-23,486,485.0,533.6532243454886,537.9425014764106,535.7978629109496
2025-11-30,509,558.0,490.68242535215376,530.2870312163284,510.4847282842411
2025-12-07,509,522.0,492.67441437771544,528.3667024381864,510.52055840795094
2025-12-14,531,568.0,502.62931981845907,529.7335142804343,516.1814170494467
2025-12-21,557,549.0,498.5334047468192,532.9677754170583,515.7505900819388
2025-12-28,472,517.0,508.1319533253109,535.0818311384911,521.606892231901
