date,actual,baseline,lightgbm
2025-01-05,570,474.0,489.0115013101781
2025-01-12,521,473.0,493.5123890051281
2025-01-19,534,493.0,504.7942276183863
2025-01-26,489,468.0,485.7237746669543
2025-02-02,504,503.0,488.04475527933636
2025-02-09,473,524.0,479.91074059325405
2025-02-16,541,491.0,502.72094554515627
2025-02-23,455,499.0,482.604593729459
2025-03-02,543,503.0,485.16154595661345
2025-03-09,507,486.0,521.0012887611781
2025-03-16,602,463.0,522.6440387027732
2025-03-23,566,526.0,499.2619506930486
2025-03-30,633,554.0,528.7272473026376
2025-04-06,602,649.0,583.3835713063459
2025-04-13,497,622.0,589.7245207458107
2025-04-20,586,604.0,585.7495121687098
2025-04-27,535,546.0,558.9234221107882
2025-05-04,553,528.0,530.750150695818
2025-05-11,589,613.0,523.7962345937497
2025-05-18,569,571.0,538.2353943446956
2025-05-25,532,636.0,586.9362512762981
2025-06-01,537,515.0,524.189965284683
2025-06-08,920,584.0,738.920598628391
2025-06-15,704,514.0,606.5176185722271
2025-06-22,562,694.0,621.6689761689378
2025-06-29,730,578.0,659.0017297333634
2025-07-06,1037,676.0,733.7756649696352
2025-07-13,729,728.0,781.1198534782756
2025-07-20,659,739.0,705.0808532390589
2025-07-27,664,944.0,866.4955244994384
2025-08-03,689,885.0,1006.850513838594
2025-08-10,1001,1303.0,798.0413512959485
2025-08-17,697,1091.0,820.4078735172287
2025-08-24,477,505.0,667.8424241563422
2025-08-31,789,729.0,611.7895208709849
2025-09-07,1066,812.0,646.8342843964424
2025-09-14,620,684.0,749.8398149883919
2025-09-21,748,671.0,564.6111789200992
2025-09-28,649,505.0,454.02592211957545
2025-10-05,877,546.0,584.3463176537551
2025-10-12,771,1086.0,800.0118082470217
2025-10-19,636,458.0,488.92888622318475
2025-10-26,578,636.0,640.4150977146287
2025-11-02,530,579.0,557.0911931025387
2025-11-09,629,510.0,467.8695405007041
2025-11-16,629,458.0,518.0689534731337
2025-11-23,486,485.0,526.7241746180649
2025-11-30,509,558.0,555.3054744683715
2025-12-07,509,522.0,508.4884570307331
2025-12-14,531,568.0,520.5996481979001
2025-12-21,557,549.0,479.50870242638183
2025-12-28,472,517.0,485.181164180453
