date,actual,baseline,lightgbm_v2
2025-01-05,570,474.0,500.14719409010803
2025-01-12,521,473.0,493.4493228309024
2025-01-19,534,493.0,503.19216148073815
2025-01-26,489,468.0,482.4484592923037
2025-02-02,504,503.0,495.8370828593063
2025-02-09,473,524.0,485.54063768424004
2025-02-16,541,491.0,502.82038140705583
2025-02-23,455,499.0,509.3657304538145
2025-03-02,543,503.0,510.3896707680415
2025-03-09,507,486.0,531.4325380553768
2025-03-16,602,463.0,536.230811095673
2025-03-23,566,526.0,498.3951623876986
2025-03-30,633,554.0,534.7401293744638
2025-04-06,602,649.0,585.088703236837
2025-04-13,497,622.0,584.9193145261585
2025-04-20,586,604.0,592.3576803671555
2025-04-27,535,546.0,562.9347063644577
2025-05-04,553,528.0,573.7086807935996
2025-05-11,589,613.0,583.0368342087902
2025-05-18,569,571.0,522.3990374358976
2025-05-25,532,636.0,559.1669450048976
2025-06-01,537,515.0,556.0312084097566
2025-06-08,920,584.0,821.0668971691083
2025-06-15,704,514.0,727.5519764338671
2025-06-22,562,694.0,520.983087545007
2025-06-29,730,578.0,617.7546447090245
2025-07-06,1037,676.0,941.9033435604508
2025-07-13,729,728.0,685.0751156674903
2025-07-20,659,739.0,683.1460207890443
2025-07-27,664,944.0,533.4642368167176
2025-08-03,689,885.0,678.8437269495631
2025-08-10,1001,1303.0,1025.0590977513255
2025-08-17,697,1091.0,550.4172474465471
2025-08-24,477,505.0,508.9103109524871
2025-08-31,789,729.0,760.5559522648817
2025-09-07,1066,812.0,1004.5792873815507
2025-09-14,620,684.0,702.5680027561743
2025-09-21,748,671.0,578.8504880070994
2025-09-28,649,505.0,513.8586037122521
2025-10-05,877,546.0,790.794731135454
2025-10-12,771,1086.0,741.0481395434601
2025-10-19,636,458.0,498.29530320168953
2025-10-26,578,636.0,509.40414407278115
2025-11-02,530,579.0,477.0008975002547
2025-11-09,629,510.0,567.3796996898607
2025-11-16,629,458.0,597.178488623632
2025-11-23,486,485.0,533.6532243454886
2025-11-30,509,558.0,490.68242535215376
2025-12-07,509,522.0,492.67441437771544
2025-12-14,531,568.0,502.62931981845907
2025-12-21,557,549.0,498.5334047468192
2025-12-28,472,517.0,508.1319533253109
