date,units,product,region
2019-01-13,410,ORS,Pune
2019-01-20,367,ORS,Pune
2019-01-27,425,ORS,Pune
2019-02-03,431,ORS,Pune
2019-02-03,431,ORS,Pune
2019-02-10,339,ORS,Pune
2019-02-17,360,ORS,Pune
2019-02-24,419,ORS,Pune
2019-03-03,392,ORS,Pune
2019-03-10,402,ORS,Pune
2019-03-17,385,ORS,Pune
2019-03-24,463,ORS,Pune
2019-03-31,503,ORS,Pune
2019-04-07,465,ORS,Pune
2019-04-14,521,ORS,Pune
2019-04-21,461,ORS,Pune
2019-04-21,461,ORS,Pune
2019-04-28,470,ORS,Pune
2019-05-05,468,ORS,Pune
2019-05-12,419,ORS,Pune
2019-05-19,504,ORS,Pune
2019-05-26,479,ORS,Pune
2019-06-02,475,ORS,Pune
2019-06-09,443,ORS,Pune
2019-06-16,472,ORS,Pune
2019-06-23,434,ORS,Pune
2019-06-30,521,ORS,Pune
2019-07-07,436,ORS,Pune
2019-07-14,976,ORS,Pune
2019-07-21,934,ORS,Pune
2019-07-28,753,ORS,Pune
2019-07-28,753,ORS,Pune
2019-08-04,561,ORS,Pune
2019-08-11,1070,ORS,Pune
2019-08-11,1070,ORS,Pune
2019-08-18,1167,ORS,Pune
2019-08-25,749,ORS,Pune
2019-09-01,461,ORS,Pune
2019-09-08,503,ORS,Pune
2019-09-15,603,ORS,Pune
2019-09-22,1022,ORS,Pune
2019-09-29,640,ORS,Pune
2019-10-06,537,ORS,Pune
2019-10-13,718,ORS,Pune
2019-10-20,528,ORS,Pune
2019-10-27,536,ORS,Pune
2019-11-03,491,ORS,Pune
2019-11-10,559,ORS,Pune
2019-11-17,481,ORS,Pune
2019-11-24,465,ORS,Pune
2019-12-01,444,ORS,Pune
2019-12-08,422,ORS,Pune
2019-12-15,438,ORS,Pune
2019-12-22,418,ORS,Pune
2019-12-29,426,ORS,Pune
2020-01-05,437,ORS,Pune
2020-01-12,368,ORS,Pune
2020-01-19,406,ORS,Pune
2020-01-26,402,ORS,Pune
2020-02-02,396,ORS,Pune
2020-02-09,409,ORS,Pune
2020-02-16,468,ORS,Pune
2020-02-16,468,ORS,Pune
2020-02-23,390,ORS,Pune
2020-03-01,451,ORS,Pune
2020-03-08,363,ORS,Pune
2020-03-08,363,ORS,Pune
2020-03-15,409,ORS,Pune
2020-03-22,437,ORS,Pune
2020-03-29,479,ORS,Pune
2020-04-05,502,ORS,Pune
2020-04-12,511,ORS,Pune
2020-04-12,511,ORS,Pune
2020-04-19,497,ORS,Pune
2020-04-26,470,ORS,Pune
2020-05-03,536,ORS,Pune
2020-05-10,495,ORS,Pune
2020-05-17,457,ORS,Pune
2020-05-24,449,ORS,Pune
2020-05-31,476,ORS,Pune
2020-06-07,443,ORS,Pune
2020-06-07,443,ORS,Pune
2020-06-14,431,ORS,Pune
2020-06-14,431,ORS,Pune
2020-06-21,754,ORS,Pune
2020-06-28,517,ORS,Pune
2020-07-05,633,ORS,Pune
2020-07-12,523,ORS,Pune
2020-07-19,760,ORS,Pune
2020-07-26,748,ORS,Pune
2020-07-26,748,ORS,Pune
2020-08-02,631,ORS,Pune
2020-08-09,555,ORS,Pune
2020-08-16,528,ORS,Pune
2020-08-23,919,ORS,Pune
2020-08-23,919,ORS,Pune
2020-08-30,960,ORS,Pune
2020-09-06,721,ORS,Pune
2020-09-06,721,ORS,Pune
2020-09-13,628,ORS,Pune
2020-09-20,557,ORS,Pune
2020-09-27,642,ORS,Pune
2020-10-04,561,ORS,Pune
2020-10-11,650,ORS,Pune
2020-10-18,442,ORS,Pune
2020-10-25,485,ORS,Pune
2020-11-01,551,ORS,Pune
2020-11-08,501,ORS,Pune
2020-11-15,387,ORS,Pune
2020-11-22,397,ORS,Pune
2020-11-29,445,ORS,Pune
2020-12-06,403,ORS,Pune
2020-12-27,424,ORS,Pune
2021-01-03,469,ORS,Pune
2021-01-03,469,ORS,Pune
2021-01-10,401,ORS,Pune
2021-01-17,426,ORS,Pune
2021-01-24,432,ORS,Pune
2021-01-24,432,ORS,Pune
2021-01-31,422,ORS,Pune
2021-02-07,464,ORS,Pune
2021-02-14,375,ORS,Pune
2021-02-21,450,ORS,Pune
2021-02-28,444,ORS,Pune
2021-03-07,434,ORS,Pune
2021-03-14,398,ORS,Pune
2021-03-21,463,ORS,Pune
2021-03-28,460,ORS,Pune
2021-04-04,477,ORS,Pune
2021-04-11,510,ORS,Pune
2021-04-11,510,ORS,Pune
2021-04-18,560,ORS,Pune
2021-04-25,480,ORS,Pune
2021-05-02,484,ORS,Pune
2021-05-02,484,ORS,Pune
2021-05-09,507,ORS,Pune
2021-05-16,529,ORS,Pune
2021-05-23,539,ORS,Pune
2021-05-30,547,ORS,Pune
2021-06-06,837,ORS,Pune
2021-06-13,539,ORS,Pune
2021-06-20,534,ORS,Pune
2021-06-27,670,ORS,Pune
2021-07-04,813,ORS,Pune
2021-07-11,522,ORS,Pune
2021-07-18,448,ORS,Pune
2021-07-18,448,ORS,Pune
2021-07-25,590,ORS,Pune
2021-08-01,862,ORS,Pune
2021-08-08,1129,ORS,Pune
2021-08-08,1129,ORS,Pune
2021-08-15,564,ORS,Pune
2021-08-22,572,ORS,Pune
2021-08-29,582,ORS,Pune
2021-09-05,710,ORS,Pune
2021-09-12,574,ORS,Pune
2021-09-19,655,ORS,Pune
2021-09-26,704,ORS,Pune
2021-10-03,464,ORS,Pune
2021-10-10,594,ORS,Pune
2021-10-17,552,ORS,Pune
2021-10-24,543,ORS,Pune
2021-10-31,439,ORS,Pune
2021-11-07,442,ORS,Pune
2021-11-14,486,ORS,Pune
2021-11-21,475,ORS,Pune
2021-11-21,475,ORS,Pune
2021-11-28,443,ORS,Pune
2021-12-05,462,ORS,Pune
2021-12-12,0,ORS,Pune
2021-12-19,0,ORS,Pune
2021-12-26,447,ORS,Pune
2022-01-02,513,ORS,Pune
2022-01-09,455,ORS,Pune
2022-01-16,486,ORS,Pune
2022-01-23,435,ORS,Pune
2022-01-30,408,ORS,Pune
2022-02-06,417,ORS,Pune
2022-02-13,425,ORS,Pune
2022-02-20,529,ORS,Pune
2022-02-27,422,ORS,Pune
2022-03-06,483,ORS,Pune
2022-03-13,438,ORS,Pune
2022-03-13,438,ORS,Pune
2022-03-20,524,ORS,Pune
2022-03-27,511,ORS,Pune
2022-04-03,502,ORS,Pune
2022-04-10,522,ORS,Pune
2022-04-17,489,ORS,Pune
2022-04-24,541,ORS,Pune
2022-05-01,518,ORS,Pune
2022-05-08,479,ORS,Pune
2022-05-15,465,ORS,Pune
2022-05-15,465,ORS,Pune
2022-05-22,510,ORS,Pune
2022-05-22,510,ORS,Pune
2022-05-29,561,ORS,Pune
2022-06-05,517,ORS,Pune
2022-06-12,483,ORS,Pune
2022-06-19,499,ORS,Pune
2022-06-26,573,ORS,Pune
2022-06-26,573,ORS,Pune
2022-07-03,530,ORS,Pune
2022-07-10,593,ORS,Pune
2022-07-17,796,ORS,Pune
2022-07-24,1135,ORS,Pune
2022-07-31,1319,ORS,Pune
2022-08-07,644,ORS,Pune
2022-08-14,521,ORS,Pune
2022-08-21,591,ORS,Pune
2022-08-28,1047,ORS,Pune
2022-09-04,759,ORS,Pune
2022-09-11,540,ORS,Pune
2022-09-18,525,ORS,Pune
2022-09-25,779,ORS,Pune
2022-10-02,753,ORS,Pune
2022-10-09,491,ORS,Pune
2022-10-16,583,ORS,Pune
2022-10-23,550,ORS,Pune
2022-10-30,617,ORS,Pune
2022-11-06,596,ORS,Pune
2023-02-05,469,ORS,Pune
2023-02-12,450,ORS,Pune
2023-02-19,456,ORS,Pune
2023-02-26,506,ORS,Pune
2023-03-05,493,ORS,Pune
2023-03-12,533,ORS,Pune
2023-03-19,466,ORS,Pune
2023-03-26,447,ORS,Pune
2023-03-26,447,ORS,Pune
2023-04-02,471,ORS,Pune
2023-04-09,529,ORS,Pune
2023-04-16,545,ORS,Pune
2023-04-23,489,ORS,Pune
2023-04-30,538,ORS,Pune
2023-04-30,538,ORS,Pune
2023-05-07,515,ORS,Pune
2023-05-14,659,ORS,Pune
2023-05-21,624,ORS,Pune
2023-05-28,505,ORS,Pune
2023-06-04,517,ORS,Pune
2023-06-11,460,ORS,Pune
2023-06-18,503,ORS,Pune
2023-06-25,533,ORS,Pune
2023-07-02,553,ORS,Pune
2023-07-09,590,ORS,Pune
2023-07-16,900,ORS,Pune
2023-07-23,648,ORS,Pune
2023-07-30,600,ORS,Pune
2023-08-06,1123,ORS,Pune
2023-08-13,1002,ORS,Pune
2023-08-20,574,ORS,Pune
2023-08-27,535,ORS,Pune
2023-09-03,469,ORS,Pune
2023-09-03,469,ORS,Pune
2023-09-10,535,ORS,Pune
2023-09-17,669,ORS,Pune
2023-09-24,635,ORS,Pune
2023-10-01,483,ORS,Pune
2023-10-08,810,ORS,Pune
2023-10-15,882,ORS,Pune
2023-10-22,451,ORS,Pune
2023-10-29,466,ORS,Pune
2023-11-05,496,ORS,Pune
2023-11-05,496,ORS,Pune
2023-11-12,547,ORS,Pune
2023-11-19,443,ORS,Pune
2023-11-26,511,ORS,Pune
2023-12-03,512,ORS,Pune
2023-12-10,519,ORS,Pune
2023-12-17,480,ORS,Pune
2023-12-24,477,ORS,Pune
2023-12-24,477,ORS,Pune
2023-12-31,430,ORS,Pune
2023-12-31,430,ORS,Pune
2024-01-07,474,ORS,Pune
2024-01-14,473,ORS,Pune
2024-01-21,493,ORS,Pune
2024-01-28,468,ORS,Pune
2024-02-04,-50,ORS,Pune
2024-02-11,524,ORS,Pune
2024-02-18,491,ORS,Pune
2024-02-25,499,ORS,Pune
2024-03-03,503,ORS,Pune
2024-03-10,486,ORS,Pune
2024-03-17,463,ORS,Pune
2024-03-17,463,ORS,Pune
2024-03-24,526,ORS,Pune
2024-03-31,554,ORS,Pune
2024-04-07,649,ORS,Pune
2024-04-07,649,ORS,Pune
2024-04-14,622,ORS,Pune
2024-04-21,604,ORS,Pune
2024-04-28,546,ORS,Pune
2024-05-05,528,ORS,Pune
2024-05-12,613,ORS,Pune
2024-05-19,571,ORS,Pune
2024-05-26,636,ORS,Pune
2024-06-02,515,ORS,Pune
2024-06-09,584,ORS,Pune
2024-06-16,514,ORS,Pune
2024-06-23,694,ORS,Pune
2024-06-30,578,ORS,Pune
2024-07-07,676,ORS,Pune
2024-07-14,728,ORS,Pune
2024-07-21,739,ORS,Pune
2024-07-28,944,ORS,Pune
2024-08-04,885,ORS,Pune
2024-08-11,1303,ORS,Pune
2024-08-18,1091,ORS,Pune
2024-08-25,505,ORS,Pune
2024-09-01,729,ORS,Pune
2024-09-08,812,ORS,Pune
2024-09-15,684,ORS,Pune
2024-09-22,671,ORS,Pune
2024-09-29,505,ORS,Pune
2024-10-06,546,ORS,Pune
2024-10-13,1086,ORS,Pune
2024-10-20,458,ORS,Pune
2024-10-27,636,ORS,Pune
2024-10-27,636,ORS,Pune
2024-11-03,579,ORS,Pune
2024-11-10,510,ORS,Pune
2024-11-17,458,ORS,Pune
2024-11-24,485,ORS,Pune
2024-12-01,558,ORS,Pune
2024-12-08,522,ORS,Pune
2024-12-15,568,ORS,Pune
2024-12-22,549,ORS,Pune
2024-12-29,517,ORS,Pune
2024-12-29,517,ORS,Pune
2025-01-05,570,ORS,Pune
2025-01-12,521,ORS,Pune
2025-01-19,6408,ORS,Pune
2025-01-26,489,ORS,Pune
2025-01-26,489,ORS,Pune
2025-02-02,504,ORS,Pune
2025-02-09,473,ORS,Pune
2025-02-16,541,ORS,Pune
2025-02-23,455,ORS,Pune
2025-03-02,543,ORS,Pune
2025-03-09,507,ORS,Pune
2025-03-16,602,ORS,Pune
2025-03-23,566,ORS,Pune
2025-03-30,633,ORS,Pune
2025-04-06,602,ORS,Pune
2025-04-13,497,ORS,Pune
2025-04-20,586,ORS,Pune
2025-04-27,535,ORS,Pune
2025-04-27,535,ORS,Pune
2025-05-04,553,ORS,Pune
2025-05-11,589,ORS,Pune
2025-05-18,569,ORS,Pune
2025-05-25,532,ORS,Pune
2025-05-25,532,ORS,Pune
2025-06-01,537,ORS,Pune
2025-06-08,920,ORS,Pune
2025-06-15,704,ORS,Pune
2025-06-22,562,ORS,Pune
2025-06-29,730,ORS,Pune
2025-06-29,730,ORS,Pune
2025-07-06,1037,ORS,Pune
2025-07-13,729,ORS,Pune
2025-07-20,659,ORS,Pune
2025-07-27,664,ORS,Pune
2025-08-03,689,ORS,Pune
2025-08-10,1001,ORS,Pune
2025-08-17,697,ORS,Pune
2025-08-24,477,ORS,Pune
2025-08-31,789,ORS,Pune
2025-09-07,1066,ORS,Pune
2025-09-14,620,ORS,Pune
2025-09-21,748,ORS,Pune
2025-09-28,649,ORS,Pune
2025-10-05,877,ORS,Pune
2025-10-12,771,ORS,Pune
2025-10-19,636,ORS,Pune
2025-10-19,636,ORS,Pune
2025-10-26,578,ORS,Pune
2025-11-02,530,ORS,Pune
2025-11-09,629,ORS,Pune
2025-11-09,629,ORS,Pune
2025-11-16,629,ORS,Pune
2025-11-23,486,ORS,Pune
2025-11-30,509,ORS,Pune
2025-12-07,509,ORS,Pune
2025-12-14,531,ORS,Pune
2025-12-14,531,ORS,Pune
2025-12-21,557,ORS,Pune
2025-12-28,472,ORS,Pune
