date,ors_units,rain_mm,temp_c,humidity_pct
2019-01-13,410,0.0,19.54,33.667142857142856
2019-01-20,367,0.0,21.442857142857143,36.432857142857145
2019-01-27,425,0.0,18.774285714285714,52.83857142857143
2019-02-03,431,0.0,20.252857142857145,35.91571428571429
2019-02-10,339,0.0,20.202857142857145,43.667142857142856
2019-02-17,360,0.0,23.494285714285716,37.34142857142857
2019-02-24,419,0.0,25.825714285714287,33.23285714285714
2019-03-03,392,0.0,23.29,38.83285714285715
2019-03-10,402,0.0,24.08285714285714,43.847142857142856
2019-03-17,385,0.0,25.69,33.17857142857143
2019-03-24,463,0.0,26.964285714285715,27.90285714285714
2019-03-31,503,0.0,29.675714285714285,28.255714285714284
2019-04-07,465,0.01,28.93857142857143,39.94
2019-04-14,521,0.8200000000000001,29.944285714285716,35.59285714285714
2019-04-21,461,1.77,27.68857142857143,44.24428571428571
2019-04-28,470,0.0,31.51571428571429,34.455714285714286
2019-05-05,468,0.0,28.082857142857144,50.63428571428572
2019-05-12,419,0.0,28.254285714285714,54.98857142857143
2019-05-19,504,0.13,29.34142857142857,46.24714285714286
2019-05-26,479,0.0,29.990000000000002,50.800000000000004
2019-06-02,475,0.0,30.00857142857143,54.541428571428575
2019-06-09,443,6.529999999999999,29.122857142857146,58.871428571428574
2019-06-16,472,65.95,26.525714285714287,75.96000000000001
2019-06-23,434,20.49,26.267142857142858,76.66428571428571
2019-06-30,521,263.87,24.754285714285714,86.22285714285715
2019-07-07,436,249.57,23.958571428571428,90.14428571428572
2019-07-14,976,160.14999999999998,24.525714285714287,91.76285714285714
2019-07-21,934,66.6,24.610000000000003,88.60714285714286
2019-07-28,753,252.04,24.057142857142857,93.45428571428572
2019-08-04,561,398.36,23.28,94.94428571428571
2019-08-11,1070,185.38,23.31714285714286,94.69428571428571
2019-08-18,1167,41.2,23.608571428571427,91.92857142857143
2019-08-25,749,34.46,23.21142857142857,90.31285714285715
2019-09-01,461,70.72,23.47,90.87285714285714
2019-09-08,503,309.9,23.405714285714286,93.97714285714287
2019-09-15,603,137.17,23.427142857142858,93.10857142857142
2019-09-22,1022,81.55,23.599999999999998,91.79142857142857
2019-09-29,640,134.79,23.382857142857144,92.14
2019-10-06,537,42.73,23.524285714285714,87.86
2019-10-13,718,50.17,23.82,86.42571428571429
2019-10-20,528,52.42,22.52,86.88142857142857
2019-10-27,536,67.69,22.252857142857145,91.91
2019-11-03,491,31.290000000000003,22.83142857142857,89.12714285714286
2019-11-10,559,21.2,22.41142857142857,85.79857142857144
2019-11-17,481,0.01,21.658571428571427,83.72285714285714
2019-11-24,465,0.0,20.478571428571428,80.94428571428571
2019-12-01,444,0.0,20.860000000000003,79.85571428571428
2019-12-08,422,0.16,20.919999999999998,83.5657142857143
2019-12-15,438,0.0,20.842857142857145,79.1
2019-12-22,418,0.0,20.24285714285714,78.88428571428572
2019-12-29,426,0.24,20.94,82.13142857142857
2020-01-05,437,0.0,17.747142857142858,79.49142857142859
2020-01-12,368,0.0,19.02285714285714,78.17571428571429
2020-01-19,406,0.0,17.537142857142857,73.94142857142857
2020-01-26,402,0.0,20.982857142857142,67.20714285714286
2020-02-02,396,0.0,18.002857142857142,69.49428571428571
2020-02-09,409,0.0,18.954285714285714,66.79571428571428
2020-02-16,468,0.0,22.077142857142857,61.56857142857143
2020-02-23,390,0.0,23.46,52.30142857142857
2020-03-01,451,0.38,23.164285714285715,42.68285714285714
2020-03-08,363,0.0,21.45,63.25285714285714
2020-03-15,409,0.0,21.611428571428572,57.05142857142857
2020-03-22,437,0.11,25.74285714285714,43.32714285714286
2020-03-29,479,8.290000000000001,27.51571428571429,50.357142857142854
2020-04-05,502,0.39,28.608571428571427,39.04714285714285
2020-04-12,511,0.71,27.87,44.720000000000006
2020-04-19,497,2.16,30.97714285714286,38.59142857142857
2020-04-26,470,0.02,29.37,43.787142857142854
2020-05-03,536,7.62,30.06,52.628571428571426
2020-05-10,495,1.3,30.388571428571428,47.934285714285714
2020-05-17,457,12.639999999999999,29.728571428571428,53.15571428571429
2020-05-24,449,0.33,29.594285714285714,55.527142857142856
2020-05-31,476,1.17,29.367142857142856,58.879999999999995
2020-06-07,443,145.43,25.135714285714283,80.61857142857141
2020-06-14,431,53.57,24.785714285714285,82.21285714285715
2020-06-21,754,100.35,25.0,87.70714285714287
2020-06-28,517,36.42,25.27,83.74285714285715
2020-07-05,633,176.82999999999998,24.312857142857144,89.05285714285715
2020-07-12,523,148.21,24.46142857142857,89.16857142857143
2020-07-19,760,120.10000000000001,24.014285714285712,90.64714285714285
2020-07-26,748,72.45,23.96857142857143,89.34285714285714
2020-08-02,631,59.22,23.967142857142857,91.38714285714286
2020-08-09,555,294.57,23.88714285714286,93.38428571428571
2020-08-16,528,248.45,23.437142857142856,94.39571428571428
2020-08-23,919,160.99,23.49857142857143,94.06428571428572
2020-08-30,960,99.89,23.240000000000002,92.69857142857143
2020-09-06,721,53.91,24.574285714285715,89.27428571428572
2020-09-13,628,95.81,24.22142857142857,91.45285714285714
2020-09-20,557,52.04,22.96857142857143,93.72714285714287
2020-09-27,642,112.99000000000001,23.364285714285717,93.66571428571429
2020-10-04,561,13.77,23.521428571428572,89.48
2020-10-11,650,29.24,23.917142857142856,84.84857142857143
2020-10-18,442,103.64,23.815714285714286,90.82000000000001
2020-10-25,485,68.16,24.02857142857143,89.39428571428572
2020-11-01,551,1.3,22.48428571428571,79.07714285714285
2020-11-08,501,0.0,20.995714285714286,78.71142857142857
2020-11-15,387,0.0,20.115714285714287,78.94714285714285
2020-11-22,397,1.26,22.92142857142857,84.11857142857141
2020-11-29,445,0.0,20.885714285714283,81.97285714285714
2020-12-06,403,0.0,20.31857142857143,77.63285714285715
2020-12-13,419,1.98,20.582857142857144,76.71000000000001
2020-12-20,477,4.72,19.890000000000004,78.89714285714285
2020-12-27,424,0.0,17.942857142857143,67.6542857142857
2021-01-03,469,0.01,20.12714285714286,76.29285714285713
2021-01-10,401,16.61,21.72714285714286,83.67428571428572
2021-01-17,426,0.0,22.285714285714285,69.83
2021-01-24,432,0.0,21.361428571428572,65.50142857142858
2021-01-31,422,0.0,19.845714285714287,58.26714285714286
2021-02-07,464,0.0,19.650000000000002,51.67142857142857
2021-02-14,375,0.0,20.851428571428574,46.40714285714286
2021-02-21,450,8.77,21.417142857142856,62.791428571428575
2021-02-28,444,0.0,24.018571428571427,50.279999999999994
2021-03-07,434,0.0,25.177142857142858,37.864285714285714
2021-03-14,398,0.0,25.945714285714285,39.50857142857143
2021-03-21,463,0.09000000000000001,26.560000000000002,37.94
2021-03-28,460,3.9299999999999997,27.91,35.92
2021-04-04,477,0.0,27.047142857142855,46.848571428571425
2021-04-11,510,1.03,29.247142857142855,37.59571428571429
2021-04-18,560,9.75,28.89428571428571,42.48142857142857
2021-04-25,480,0.0,28.31142857142857,46.75571428571429
2021-05-02,484,11.71,29.645714285714288,46.355714285714285
2021-05-09,507,18.93,29.084285714285716,56.541428571428575
2021-05-16,529,25.33,28.830000000000002,56.401428571428575
2021-05-23,539,180.9,25.595714285714283,81.64
2021-05-30,547,19.93,26.485714285714288,77.61142857142856
2021-06-06,837,74.71000000000001,25.791428571428572,81.79714285714286
2021-06-13,539,132.39,25.135714285714283,87.0942857142857
2021-06-20,534,218.34,24.822857142857142,89.33857142857143
2021-06-27,670,48.769999999999996,23.91857142857143,88.76571428571428
2021-07-04,813,30.560000000000002,24.321428571428573,88.84714285714287
2021-07-11,522,59.75,24.217142857142857,88.05285714285715
2021-07-18,448,217.57,23.967142857142857,92.64285714285714
2021-07-25,590,418.55,23.64428571428571,93.89999999999999
2021-08-01,862,85.33,23.21142857142857,91.69571428571429
2021-08-08,1129,57.41,23.63714285714286,90.4557142857143
2021-08-15,564,50.81,23.737142857142857,89.30714285714285
2021-08-22,572,83.84,22.631428571428568,91.18714285714286
2021-08-29,582,10.57,23.49285714285714,88.58714285714287
2021-09-05,710,94.35,22.90285714285714,92.12142857142858
2021-09-12,574,159.94,23.625714285714285,93.59142857142857
2021-09-19,655,57.17,23.327142857142857,91.84142857142857
2021-09-26,704,67.82000000000001,23.327142857142857,91.19000000000001
2021-10-03,464,72.26,23.497142857142855,90.65285714285713
2021-10-10,594,57.6,24.585714285714285,89.42857142857143
2021-10-17,552,7.56,23.922857142857143,83.49
2021-10-24,543,0.21,21.872857142857146,82.43714285714285
2021-10-31,439,0.0,21.13,79.39999999999999
2021-11-07,442,10.809999999999999,22.351428571428574,84.65285714285714
2021-11-14,486,0.3,20.735714285714288,76.97
2021-11-21,475,27.95,23.92142857142857,86.42
2021-11-28,443,2.9,22.175714285714285,81.6842857142857
2021-12-05,462,79.93,19.895714285714284,86.8157142857143
2021-12-12,394,0.0,20.18857142857143,80.57142857142857
2021-12-19,585,0.0,19.32,80.06857142857143
2021-12-26,447,0.0,18.144285714285715,70.53857142857143
2022-01-02,513,0.01,19.360000000000003,74.52714285714286
2022-01-09,455,1.12,19.305714285714288,78.60714285714286
2022-01-16,486,0.0,16.987142857142857,78.32285714285715
2022-01-23,435,0.15000000000000002,19.145714285714288,72.66428571428571
2022-01-30,408,0.0,16.357142857142858,56.269999999999996
2022-02-06,417,0.0,18.701428571428572,58.808571428571426
2022-02-13,425,0.0,19.518571428571427,62.48571428571428
2022-02-20,529,0.0,20.22714285714286,60.728571428571435
2022-02-27,422,0.0,23.26571428571429,46.58714285714286
2022-03-06,483,0.0,24.372857142857146,40.71714285714285
2022-03-13,438,0.95,26.318571428571428,44.37285714285714
2022-03-20,524,0.0,27.327142857142857,34.13857142857143
2022-03-27,511,0.09,27.701428571428572,42.707142857142856
2022-04-03,502,0.0,28.664285714285715,33.902857142857144
2022-04-10,522,0.73,29.60571428571429,41.902857142857144
2022-04-17,489,0.03,29.077142857142857,41.99714285714286
2022-04-24,541,8.02,29.415714285714284,45.77285714285715
2022-05-01,518,0.86,30.490000000000002,40.06285714285714
2022-05-08,479,0.0,28.99857142857143,55.48571428571428
2022-05-15,465,0.02,29.00142857142857,60.582857142857144
2022-05-22,510,3.4499999999999997,28.162857142857142,63.45285714285715
2022-05-29,561,1.7,27.771428571428572,63.56428571428571
2022-06-05,517,7.15,28.132857142857144,61.220000000000006
2022-06-12,483,30.439999999999998,26.82428571428571,71.22142857142858
2022-06-19,499,31.64,26.054285714285715,74.7957142857143
2022-06-26,573,77.26,24.82857142857143,84.82142857142857
2022-07-03,530,136.17000000000002,24.534285714285716,86.70285714285714
2022-07-10,593,319.28000000000003,23.56714285714286,92.32571428571428
2022-07-17,796,357.94,22.987142857142857,94.11
2022-07-24,1135,87.52,23.217142857142854,92.27714285714285
2022-07-31,1319,58.61000000000001,23.805714285714284,90.33714285714287
2022-08-07,644,101.98,23.695714285714285,91.74428571428572
2022-08-14,521,232.36,22.951428571428572,93.7942857142857
2022-08-21,591,103.24,22.68857142857143,93.08714285714287
2022-08-28,1047,43.52,23.104285714285712,90.74428571428572
2022-09-04,759,39.980000000000004,24.444285714285716,88.91285714285713
2022-09-11,540,117.67,24.192857142857143,90.11142857142856
2022-09-18,525,182.18,23.18142857142857,93.58571428571429
2022-09-25,779,33.18,21.81714285714286,92.13428571428572
2022-10-02,753,45.67,22.995714285714286,91.0457142857143
2022-10-09,491,52.660000000000004,22.805714285714284,90.13857142857144
2022-10-16,583,76.87,23.28,89.99142857142859
2022-10-23,550,70.03,22.722857142857144,88.11571428571429
2022-10-30,617,0.0,19.524285714285714,75.16285714285713
2022-11-06,596,0.0,19.78142857142857,77.32285714285715
2022-11-13,477,0.0,20.102857142857143,78.52
2022-11-20,517,0.0,18.481428571428573,78.42571428571429
2022-11-27,468,0.18,20.291428571428572,80.35857142857142
2022-12-04,489,0.0,20.31714285714286,76.18285714285715
2022-12-11,389,0.1,19.504285714285714,76.68142857142857
2022-12-18,464,0.67,22.172857142857143,82.55
2022-12-25,435,0.0,19.608571428571427,67.2
2023-01-01,422,0.0,20.041428571428572,69.17285714285714
2023-01-08,434,0.0,19.398571428571426,71.52857142857142
2023-01-15,454,0.0,17.37142857142857,57.712857142857146
2023-01-22,501,0.0,18.972857142857144,59.86857142857143
2023-01-29,418,0.09,19.59857142857143,66.97571428571429
2023-02-05,469,0.0,20.74857142857143,56.49285714285714
2023-02-12,450,0.0,21.58857142857143,39.61857142857143
2023-02-19,456,0.0,23.017142857142858,29.357142857142858
2023-02-26,506,0.0,23.832857142857144,30.608571428571427
2023-03-05,493,0.0,25.245714285714286,34.95428571428572
2023-03-12,533,1.59,25.81142857142857,37.62571428571429
2023-03-19,466,4.76,25.138571428571428,48.35285714285714
2023-03-26,447,5.489999999999999,22.634285714285713,60.54714285714285
2023-04-02,471,0.0,24.07857142857143,57.152857142857144
2023-04-09,529,4.55,27.464285714285715,46.49428571428571
2023-04-16,545,11.78,29.43857142857143,43.25857142857143
2023-04-23,489,1.78,28.65285714285714,43.22571428571428
2023-04-30,538,3.21,27.625714285714285,49.30285714285714
2023-05-07,515,3.79,26.987142857142857,56.855714285714285
2023-05-14,659,6.25,29.675714285714285,53.42857142857143
2023-05-21,624,0.01,29.13714285714286,55.69857142857143
2023-05-28,505,2.63,28.77285714285714,54.97428571428571
2023-06-04,517,11.69,28.73,59.43857142857143
2023-06-11,460,11.59,27.822857142857142,68.30857142857143
2023-06-18,503,14.81,27.072857142857142,73.08714285714287
2023-06-25,533,75.75999999999999,26.521428571428572,75.63857142857144
2023-07-02,553,237.48999999999998,23.797142857142855,88.37714285714286
2023-07-09,590,153.3,24.419999999999998,90.00428571428571
2023-07-16,900,65.9,24.082857142857144,88.51857142857143
2023-07-23,648,375.58,23.458571428571428,93.23571428571428
2023-07-30,600,285.09,23.487142857142857,93.88714285714286
2023-08-06,1123,70.11,23.412857142857145,92.12428571428572
2023-08-13,1002,30.82,23.22,90.62714285714286
2023-08-20,574,33.910000000000004,23.189999999999998,89.92285714285715
2023-08-27,535,64.15,23.537142857142857,89.98285714285714
2023-09-03,469,46.64,23.860000000000003,88.98
2023-09-10,535,114.75999999999999,23.42142857142857,91.48857142857143
2023-09-17,669,25.22,23.431428571428572,91.05857142857143
2023-09-24,635,113.50999999999999,23.827142857142857,91.54857142857144
2023-10-01,483,117.99000000000001,24.042857142857144,90.87428571428572
2023-10-08,810,8.959999999999999,23.39428571428571,86.49857142857142
2023-10-15,882,0.05,23.91142857142857,79.55999999999999
2023-10-22,451,1.4100000000000001,23.925714285714285,79.00857142857141
2023-10-29,466,0.0,21.664285714285715,71.9057142857143
2023-11-05,496,0.0,21.442857142857143,73.85000000000001
2023-11-12,547,20.22,22.655714285714286,81.92999999999999
2023-11-19,443,0.0,21.094285714285714,72.58428571428571
2023-11-26,511,9.67,21.86285714285714,75.83285714285714
2023-12-03,512,6.21,22.02285714285714,83.10857142857142
2023-12-10,519,0.02,21.302857142857142,76.8442857142857
2023-12-17,480,0.0,19.65142857142857,72.19714285714285
2023-12-24,477,0.0,19.444285714285716,60.542857142857144
2023-12-31,430,0.0,20.568571428571428,59.55428571428571
2024-01-07,474,0.0,20.17142857142857,65.86857142857143
2024-01-14,473,2.86,21.610000000000003,64.04857142857144
2024-01-21,493,0.0,18.907142857142855,60.73857142857143
2024-01-28,468,0.0,19.65142857142857,45.684285714285714
2024-02-04,503,0.0,21.080000000000002,53.574285714285715
2024-02-11,524,0.0,22.767142857142858,46.05714285714286
2024-02-18,491,0.0,23.57,41.824285714285715
2024-02-25,499,0.0,21.967142857142854,46.78142857142858
2024-03-03,503,0.9,26.012857142857143,49.80285714285714
2024-03-10,486,0.0,23.84857142857143,34.58
2024-03-17,463,0.0,25.208571428571428,39.80857142857143
2024-03-24,526,0.0,26.755714285714284,32.25857142857143
2024-03-31,554,0.29000000000000004,29.764285714285712,40.87428571428571
2024-04-07,649,0.0,29.542857142857144,33.22857142857143
2024-04-14,622,0.01,29.268571428571427,38.019999999999996
2024-04-21,604,4.02,31.50857142857143,42.05857142857143
2024-04-28,546,1.97,31.245714285714286,42.55142857142857
2024-05-05,528,0.0,30.5,40.31571428571429
2024-05-12,613,26.09,29.474285714285713,56.71
2024-05-19,571,23.5,29.678571428571427,59.894285714285715
2024-05-26,636,11.9,29.714285714285715,62.97428571428571
2024-06-02,515,0.32,29.08285714285714,65.91
2024-06-09,584,131.31,26.98428571428571,78.17571428571429
2024-06-16,514,54.75,25.342857142857145,83.02571428571427
2024-06-23,694,82.23,25.50857142857143,85.28571428571429
2024-06-30,578,116.44,24.845714285714283,88.01857142857143
2024-07-07,676,132.2,25.375714285714285,87.84
2024-07-14,728,229.81,24.18857142857143,90.63285714285713
2024-07-21,739,204.99,23.84,92.50714285714285
2024-07-28,944,396.88,23.38714285714286,94.78999999999999
2024-08-04,885,241.28,23.8,94.02857142857144
2024-08-11,1303,70.58,23.754285714285714,91.89285714285714
2024-08-18,1091,124.69999999999999,24.61428571428571,89.88714285714286
2024-08-25,505,153.01999999999998,24.608571428571427,91.53142857142858
2024-09-01,729,86.9,23.66,93.09
2024-09-08,812,98.09,23.325714285714287,92.97428571428573
2024-09-15,684,45.84,23.189999999999998,91.23
2024-09-22,671,18.419999999999998,22.931428571428572,88.62
2024-09-29,505,229.27,23.75857142857143,93.71571428571428
2024-10-06,546,12.780000000000001,24.464285714285715,87.84714285714287
2024-10-13,1086,48.99,24.16857142857143,87.98857142857142
2024-10-20,458,48.95,24.392857142857142,88.54714285714286
2024-10-27,636,7.640000000000001,23.101428571428574,82.07714285714285
2024-11-03,579,1.49,22.54714285714286,79.13714285714286
2024-11-10,510,0.0,21.071428571428573,78.77714285714286
2024-11-17,458,3.5399999999999996,20.974285714285713,81.57857142857142
2024-11-24,485,0.0,18.52285714285714,74.77714285714286
2024-12-01,558,0.0,17.897142857142857,74.99285714285715
2024-12-08,522,1.07,22.62,81.78142857142858
2024-12-15,568,0.0,17.82857142857143,65.79714285714286
2024-12-22,549,0.0,18.53857142857143,67.33
2024-12-29,517,1.4100000000000001,20.664285714285715,82.58857142857143
2025-01-05,570,0.0,20.044285714285714,60.58
2025-01-12,521,0.0,18.73857142857143,63.63857142857143
2025-01-19,534,0.0,20.662857142857142,66.05571428571429
2025-01-26,489,0.0,21.481428571428573,52.885714285714286
2025-02-02,504,0.0,22.31142857142857,51.23285714285714
2025-02-09,473,0.0,23.228571428571428,50.99714285714286
2025-02-16,541,0.0,23.487142857142857,39.529999999999994
2025-02-23,455,0.0,24.389999999999997,37.354285714285716
2025-03-02,543,0.0,25.557142857142857,35.80571428571428
2025-03-09,507,0.0,25.815714285714286,26.854285714285712
2025-03-16,602,0.0,28.157142857142855,32.80285714285714
2025-03-23,566,0.0,27.057142857142857,33.892857142857146
2025-03-30,633,0.0,28.23,33.42285714285715
2025-04-06,602,8.77,29.31857142857143,38.80142857142857
2025-04-13,497,0.0,29.254285714285714,37.71
2025-04-20,586,0.0,29.445714285714285,44.68857142857143
2025-04-27,535,0.04,30.674285714285713,37.47428571428571
2025-05-04,553,0.01,29.75,42.644285714285715
2025-05-11,589,24.76,26.33285714285714,65.24571428571429
2025-05-18,569,38.12,27.365714285714287,71.58571428571429
2025-05-25,532,205.42,25.54714285714286,84.11857142857143
2025-06-01,537,134.31,25.138571428571428,87.21857142857142
2025-06-08,920,43.13,24.944285714285716,84.58
2025-06-15,704,101.96,25.285714285714285,87.57285714285715
2025-06-22,562,220.47,24.73428571428571,90.00857142857141
2025-06-29,730,93.17,24.244285714285713,90.00428571428571
2025-07-06,1037,149.34,23.895714285714284,91.78999999999999
2025-07-13,729,69.74000000000001,23.677142857142858,91.52285714285713
2025-07-20,659,87.95,24.18142857142857,90.15285714285714
2025-07-27,664,229.73000000000002,23.694285714285716,92.81285714285715
2025-08-03,689,53.67,23.261428571428574,91.44285714285715
2025-08-10,1001,30.490000000000002,23.648571428571433,89.84285714285714
2025-08-17,697,158.78,23.124285714285715,92.16714285714285
2025-08-24,477,253.37,22.72,93.45714285714287
2025-08-31,789,99.08,23.24142857142857,92.60428571428572
2025-09-07,1066,78.55000000000001,23.02857142857143,92.21857142857142
2025-09-14,620,59.379999999999995,23.192857142857143,90.06285714285715
2025-09-21,748,154.4,23.384285714285713,92.89
2025-09-28,649,147.37,22.565714285714286,92.93285714285715
2025-10-05,877,42.1,22.58142857142857,91.64285714285714
2025-10-12,771,9.64,22.465714285714284,84.32000000000001
2025-10-19,636,3.33,22.707142857142856,81.05285714285715
2025-10-26,578,51.53,23.31142857142857,85.83428571428571
2025-11-02,530,50.71,22.948571428571427,90.18714285714285
2025-11-09,629,3.83,20.541428571428572,80.53714285714285
2025-11-16,629,0.0,17.478571428571428,70.91714285714286
2025-11-23,486,0.0,18.072857142857142,73.68142857142857
2025-11-30,509,0.0,19.512857142857143,76.89999999999999
2025-12-07,509,0.0,19.12142857142857,76.36142857142856
2025-12-14,531,0.0,17.26142857142857,62.18285714285714
2025-12-21,557,0.0,17.708571428571428,62.917142857142856
2025-12-28,472,0.0,17.56,63.63
