date,ors_units
2019-01-13,410
2019-01-20,367
2019-01-27,425
2019-02-03,431
2019-02-10,339
2019-02-17,360
2019-02-24,419
2019-03-03,392
2019-03-10,402
2019-03-17,385
2019-03-24,463
2019-03-31,503
2019-04-07,465
2019-04-14,521
2019-04-21,461
2019-04-28,470
2019-05-05,468
2019-05-12,419
2019-05-19,504
2019-05-26,479
2019-06-02,475
2019-06-09,443
2019-06-16,472
2019-06-23,434
2019-06-30,521
2019-07-07,436
2019-07-14,976
2019-07-21,934
2019-07-28,753
2019-08-04,561
2019-08-11,1070
2019-08-18,1167
2019-08-25,749
2019-09-01,461
2019-09-08,503
2019-09-15,603
2019-09-22,1022
2019-09-29,640
2019-10-06,537
2019-10-13,718
2019-10-20,528
2019-10-27,536
2019-11-03,491
2019-11-10,559
2019-11-17,481
2019-11-24,465
2019-12-01,444
2019-12-08,422
2019-12-15,438
2019-12-22,418
2019-12-29,426
2020-01-05,437
2020-01-12,368
2020-01-19,406
2020-01-26,402
2020-02-02,396
2020-02-09,409
2020-02-16,468
2020-02-23,390
2020-03-01,451
2020-03-08,363
2020-03-15,409
2020-03-22,437
2020-03-29,479
2020-04-05,502
2020-04-12,511
2020-04-19,497
2020-04-26,470
2020-05-03,536
2020-05-10,495
2020-05-17,457
2020-05-24,449
2020-05-31,476
2020-06-07,443
2020-06-14,431
2020-06-21,754
2020-06-28,517
2020-07-05,633
2020-07-12,523
2020-07-19,760
2020-07-26,748
2020-08-02,631
2020-08-09,555
2020-08-16,528
2020-08-23,919
2020-08-30,960
2020-09-06,721
2020-09-13,628
2020-09-20,557
2020-09-27,642
2020-10-04,561
2020-10-11,650
2020-10-18,442
2020-10-25,485
2020-11-01,551
2020-11-08,501
2020-11-15,387
2020-11-22,397
2020-11-29,445
2020-12-06,403
2020-12-13,419
2020-12-20,477
2020-12-27,424
2021-01-03,469
2021-01-10,401
2021-01-17,426
2021-01-24,432
2021-01-31,422
2021-02-07,464
2021-02-14,375
2021-02-21,450
2021-02-28,444
2021-03-07,434
2021-03-14,398
2021-03-21,463
2021-03-28,460
2021-04-04,477
2021-04-11,510
2021-04-18,560
2021-04-25,480
2021-05-02,484
2021-05-09,507
2021-05-16,529
2021-05-23,539
2021-05-30,547
2021-06-06,837
2021-06-13,539
2021-06-20,534
2021-06-27,670
2021-07-04,813
2021-07-11,522
2021-07-18,448
2021-07-25,590
2021-08-01,862
2021-08-08,1129
2021-08-15,564
2021-08-22,572
2021-08-29,582
2021-09-05,710
2021-09-12,574
2021-09-19,655
2021-09-26,704
2021-10-03,464
2021-10-10,594
2021-10-17,552
2021-10-24,543
2021-10-31,439
2021-11-07,442
2021-11-14,486
2021-11-21,475
2021-11-28,443
2021-12-05,462
2021-12-12,394
2021-12-19,585
2021-12-26,447
2022-01-02,513
2022-01-09,455
2022-01-16,486
2022-01-23,435
2022-01-30,408
2022-02-06,417
2022-02-13,425
2022-02-20,529
2022-02-27,422
2022-03-06,483
2022-03-13,438
2022-03-20,524
2022-03-27,511
2022-04-03,502
2022-04-10,522
2022-04-17,489
2022-04-24,541
2022-05-01,518
2022-05-08,479
2022-05-15,465
2022-05-22,510
2022-05-29,561
2022-06-05,517
2022-06-12,483
2022-06-19,499
2022-06-26,573
2022-07-03,530
2022-07-10,593
2022-07-17,796
2022-07-24,1135
2022-07-31,1319
2022-08-07,644
2022-08-14,521
2022-08-21,591
2022-08-28,1047
2022-09-04,759
2022-09-11,540
2022-09-18,525
2022-09-25,779
2022-10-02,753
2022-10-09,491
2022-10-16,583
2022-10-23,550
2022-10-30,617
2022-11-06,596
2022-11-13,477
2022-11-20,517
2022-11-27,468
2022-12-04,489
2022-12-11,389
2022-12-18,464
2022-12-25,435
2023-01-01,422
2023-01-08,434
2023-01-15,454
2023-01-22,501
2023-01-29,418
2023-02-05,469
2023-02-12,450
2023-02-19,456
2023-02-26,506
2023-03-05,493
2023-03-12,533
2023-03-19,466
2023-03-26,447
2023-04-02,471
2023-04-09,529
2023-04-16,545
2023-04-23,489
2023-04-30,538
2023-05-07,515
2023-05-14,659
2023-05-21,624
2023-05-28,505
2023-06-04,517
2023-06-11,460
2023-06-18,503
2023-06-25,533
2023-07-02,553
2023-07-09,590
2023-07-16,900
2023-07-23,648
2023-07-30,600
2023-08-06,1123
2023-08-13,1002
2023-08-20,574
2023-08-27,535
2023-09-03,469
2023-09-10,535
2023-09-17,669
2023-09-24,635
2023-10-01,483
2023-10-08,810
2023-10-15,882
2023-10-22,451
2023-10-29,466
2023-11-05,496
2023-11-12,547
2023-11-19,443
2023-11-26,511
2023-12-03,512
2023-12-10,519
2023-12-17,480
2023-12-24,477
2023-12-31,430
2024-01-07,474
2024-01-14,473
2024-01-21,493
2024-01-28,468
2024-02-04,503
2024-02-11,524
2024-02-18,491
2024-02-25,499
2024-03-03,503
2024-03-10,486
2024-03-17,463
2024-03-24,526
2024-03-31,554
2024-04-07,649
2024-04-14,622
2024-04-21,604
2024-04-28,546
2024-05-05,528
2024-05-12,613
2024-05-19,571
2024-05-26,636
2024-06-02,515
2024-06-09,584
2024-06-16,514
2024-06-23,694
2024-06-30,578
2024-07-07,676
2024-07-14,728
2024-07-21,739
2024-07-28,944
2024-08-04,885
2024-08-11,1303
2024-08-18,1091
2024-08-25,505
2024-09-01,729
2024-09-08,812
2024-09-15,684
2024-09-22,671
2024-09-29,505
2024-10-06,546
2024-10-13,1086
2024-10-20,458
2024-10-27,636
2024-11-03,579
2024-11-10,510
2024-11-17,458
2024-11-24,485
2024-12-01,558
2024-12-08,522
2024-12-15,568
2024-12-22,549
2024-12-29,517
2025-01-05,570
2025-01-12,521
2025-01-19,534
2025-01-26,489
2025-02-02,504
2025-02-09,473
2025-02-16,541
2025-02-23,455
2025-03-02,543
2025-03-09,507
2025-03-16,602
2025-03-23,566
2025-03-30,633
2025-04-06,602
2025-04-13,497
2025-04-20,586
2025-04-27,535
2025-05-04,553
2025-05-11,589
2025-05-18,569
2025-05-25,532
2025-06-01,537
2025-06-08,920
2025-06-15,704
2025-06-22,562
2025-06-29,730
2025-07-06,1037
2025-07-13,729
2025-07-20,659
2025-07-27,664
2025-08-03,689
2025-08-10,1001
2025-08-17,697
2025-08-24,477
2025-08-31,789
2025-09-07,1066
2025-09-14,620
2025-09-21,748
2025-09-28,649
2025-10-05,877
2025-10-12,771
2025-10-19,636
2025-10-26,578
2025-11-02,530
2025-11-09,629
2025-11-16,629
2025-11-23,486
2025-11-30,509
2025-12-07,509
2025-12-14,531
2025-12-21,557
2025-12-28,472
