date,actual,prophet
2025-01-05,570,505.2972588036743
2025-01-12,521,507.6555434832645
2025-01-19,534,498.2221231278651
2025-01-26,489,493.7097794396702
2025-02-02,504,496.21596242597127
2025-02-09,473,502.4174408874472
2025-02-16,541,507.2356317584829
2025-02-23,455,513.8722522897957
2025-03-02,543,515.2592300748106
2025-03-09,507,510.9212185500012
2025-03-16,602,511.6546620477185
2025-03-23,566,527.6913081847454
2025-03-30,633,558.9854678265291
2025-04-06,602,589.7587939207461
2025-04-13,497,596.5249496247392
2025-04-20,586,603.4312690288884
2025-04-27,535,567.7461688725497
2025-05-04,553,565.6534565654043
2025-05-11,589,580.8328807127139
2025-05-18,569,591.8757330993008
2025-05-25,532,633.5482975546846
2025-06-01,537,640.1685624686309
2025-06-08,920,960.6111080298273
2025-06-15,704,797.0625247356259
2025-06-22,562,603.4356069747901
2025-06-29,730,721.0508581322786
2025-07-06,1037,951.9553390882804
2025-07-13,729,686.1703923824253
2025-07-20,659,812.1938777693313
2025-07-27,664,668.6656898518029
2025-08-03,689,701.8715874667088
2025-08-10,1001,974.9947139090632
2025-08-17,697,603.2971985297578
2025-08-24,477,570.7731305031323
2025-08-31,789,865.1322772781713
2025-09-07,1066,1060.324292419416
2025-09-14,620,724.5022225027483
2025-09-21,748,663.4084990703276
2025-09-28,649,626.6716683745027
2025-10-05,877,833.7735015561974
2025-10-12,771,832.9765190786361
2025-10-19,636,616.4763866705388
2025-10-26,578,541.9200255315362
2025-11-02,530,521.3333087654412
2025-11-09,629,620.1883854777294
2025-11-16,629,627.5400837658626
2025-11-23,486,537.9425014764106
2025-11-30,509,530.2870312163284
2025-12-07,509,528.3667024381864
2025-12-14,531,529.7335142804343
2025-12-21,557,532.9677754170583
2025-12-28,472,535.0818311384911
