date,rain_mm,temp_c,humidity_pct
2019-01-01,0.0,19.42,26.85
2019-01-02,0.0,20.31,29.01
2019-01-03,0.0,20.83,31.66
2019-01-04,0.0,20.67,30.66
2019-01-05,0.0,20.4,38.25
2019-01-06,0.0,19.43,38.53
2019-01-07,0.0,18.93,33.15
2019-01-08,0.0,18.97,28.1
2019-01-09,0.0,19.56,30.5
2019-01-10,0.0,19.69,29.95
2019-01-11,0.0,19.82,36.49
2019-01-12,0.0,20.33,36.78
2019-01-13,0.0,19.48,40.7
2019-01-14,0.0,20.07,41.09
2019-01-15,0.0,20.91,38.8
2019-01-16,0.0,21.69,43.06
2019-01-17,0.0,21.65,36.0
2019-01-18,0.0,21.6,32.27
2019-01-19,0.0,21.74,31.33
2019-01-20,0.0,22.44,32.48
2019-01-21,0.0,20.6,45.73
2019-01-22,0.0,18.81,69.84
2019-01-23,0.0,18.73,68.19
2019-01-24,0.0,18.33,47.82
2019-01-25,0.0,17.29,38.74
2019-01-26,0.0,18.06,41.05
2019-01-27,0.0,19.6,58.5
2019-01-28,0.0,18.49,38.34
2019-01-29,0.0,18.09,25.56
2019-01-30,0.0,19.11,25.3
2019-01-31,0.0,20.58,32.72
2019-02-01,0.0,21.1,42.88
2019-02-02,0.0,21.51,43.26
2019-02-03,0.0,22.89,43.35
2019-02-04,0.0,23.38,40.92
2019-02-05,0.0,23.26,44.95
2019-02-06,0.0,22.26,48.4
2019-02-07,0.0,18.46,62.65
2019-02-08,0.0,16.73,55.37
2019-02-09,0.0,17.26,30.71
2019-02-10,0.0,20.07,22.67
2019-02-11,0.0,22.37,28.83
2019-02-12,0.0,25.23,39.24
2019-02-13,0.0,26.05,40.27
2019-02-14,0.0,24.9,39.92
2019-02-15,0.0,22.79,44.66
2019-02-16,0.0,21.47,38.73
2019-02-17,0.0,21.65,29.74
2019-02-18,0.0,23.18,27.99
2019-02-19,0.0,24.99,28.22
2019-02-20,0.0,25.2,34.08
2019-02-21,0.0,25.94,50.63
2019-02-22,0.0,27.49,37.91
2019-02-23,0.0,27.69,30.62
2019-02-24,0.0,26.29,23.18
2019-02-25,0.0,25.24,26.87
2019-02-26,0.0,23.19,33.45
2019-02-27,0.0,21.57,47.79
2019-02-28,0.0,21.67,43.68
2019-03-01,0.0,22.93,26.05
2019-03-02,0.0,24.84,34.71
2019-03-03,0.0,23.59,59.28
2019-03-04,0.0,23.34,64.13
2019-03-05,0.0,23.14,59.49
2019-03-06,0.0,21.93,55.2
2019-03-07,0.0,22.96,40.9
2019-03-08,0.0,25.47,27.08
2019-03-09,0.0,25.9,29.82
2019-03-10,0.0,25.84,30.31
2019-03-11,0.0,25.07,38.21
2019-03-12,0.0,25.36,39.24
2019-03-13,0.0,24.67,43.19
2019-03-14,0.0,24.76,39.89
2019-03-15,0.0,26.18,24.12
2019-03-16,0.0,27.29,22.85
2019-03-17,0.0,26.5,24.75
2019-03-18,0.0,26.51,25.89
2019-03-19,0.0,26.75,25.72
2019-03-20,0.0,26.32,31.9
2019-03-21,0.0,25.55,41.53
2019-03-22,0.0,26.2,29.97
2019-03-23,0.0,28.21,21.9
2019-03-24,0.0,29.21,18.41
2019-03-25,0.0,30.6,20.81
2019-03-26,0.0,30.25,21.44
2019-03-27,0.0,29.25,29.66
2019-03-28,0.0,29.34,22.37
2019-03-29,0.0,29.84,27.78
2019-03-30,0.0,29.79,32.82
2019-03-31,0.0,28.66,42.91
2019-04-01,0.0,27.65,39.64
2019-04-02,0.0,28.38,38.44
2019-04-03,0.0,29.5,38.82
2019-04-04,0.01,30.08,33.83
2019-04-05,0.0,28.91,48.97
2019-04-06,0.0,29.19,40.66
2019-04-07,0.0,28.86,39.22
2019-04-08,0.0,29.34,39.3
2019-04-09,0.0,28.53,39.51
2019-04-10,0.0,29.29,30.94
2019-04-11,0.0,29.69,37.09
2019-04-12,0.02,29.99,39.81
2019-04-13,0.02,31.46,28.87
2019-04-14,0.78,31.31,33.63
2019-04-15,1.17,29.86,36.61
2019-04-16,0.6,28.16,51.31
2019-04-17,0.0,26.22,48.69
2019-04-18,0.0,26.1,39.01
2019-04-19,0.0,27.63,46.72
2019-04-20,0.0,27.96,40.35
2019-04-21,0.0,27.89,47.02
2019-04-22,0.0,28.28,39.08
2019-04-23,0.0,29.49,37.35
2019-04-24,0.0,31.05,33.89
2019-04-25,0.0,31.65,39.06
2019-04-26,0.0,33.03,31.62
2019-04-27,0.0,33.59,32.96
2019-04-28,0.0,33.52,27.23
2019-04-29,0.0,31.15,39.9
2019-04-30,0.0,30.01,38.14
2019-05-01,0.0,27.52,52.89
2019-05-02,0.0,26.92,51.79
2019-05-03,0.0,26.44,55.73
2019-05-04,0.0,26.85,60.49
2019-05-05,0.0,27.69,55.5
2019-05-06,0.0,28.79,52.18
2019-05-07,0.0,28.44,54.3
2019-05-08,0.0,27.95,59.73
2019-05-09,0.0,27.49,56.54
2019-05-10,0.0,27.57,55.08
2019-05-11,0.0,28.44,53.34
2019-05-12,0.0,29.1,53.75
2019-05-13,0.0,29.19,51.96
2019-05-14,0.0,28.69,50.78
2019-05-15,0.0,28.63,49.47
2019-05-16,0.13,28.53,49.32
2019-05-17,0.0,28.97,48.47
2019-05-18,0.0,30.13,41.4
2019-05-19,0.0,31.25,32.33
2019-05-20,0.0,31.54,34.77
2019-05-21,0.0,30.52,50.67
2019-05-22,0.0,30.31,54.29
2019-05-23,0.0,29.59,55.05
2019-05-24,0.0,29.47,55.67
2019-05-25,0.0,29.26,54.54
2019-05-26,0.0,29.24,50.61
2019-05-27,0.0,29.51,52.62
2019-05-28,0.0,30.21,52.63
2019-05-29,0.0,30.09,52.51
2019-05-30,0.0,29.7,56.49
2019-05-31,0.0,30.05,55.38
2019-06-01,0.0,30.07,55.02
2019-06-02,0.0,30.43,57.14
2019-06-03,0.01,27.52,64.48
2019-06-04,0.02,29.34,59.15
2019-06-05,0.06,30.2,54.83
2019-06-06,0.03,29.92,51.96
2019-06-07,0.19,30.17,53.86
2019-06-08,0.95,28.62,61.15
2019-06-09,5.27,28.09,66.67
2019-06-10,14.23,27.62,75.41
2019-06-11,10.93,27.29,77.03
2019-06-12,6.89,26.4,76.7
2019-06-13,5.97,25.95,73.65
2019-06-14,12.72,25.68,75.32
2019-06-15,12.67,26.07,76.76
2019-06-16,2.54,26.67,76.85
2019-06-17,2.08,26.37,76.99
2019-06-18,5.26,26.16,77.38
2019-06-19,7.58,26.1,79.27
2019-06-20,1.46,26.35,76.93
2019-06-21,0.04,26.91,72.29
2019-06-22,0.86,26.54,73.82
2019-06-23,3.21,25.44,79.97
2019-06-24,6.64,24.59,82.4
2019-06-25,4.66,26.29,78.84
2019-06-26,9.6,26.02,82.16
2019-06-27,58.54,24.98,87.12
2019-06-28,106.74,23.65,90.76
2019-06-29,39.67,23.5,92.59
2019-06-30,38.02,24.25,89.69
2019-07-01,55.88,23.83,90.95
2019-07-02,32.6,24.35,88.49
2019-07-03,12.79,23.89,89.78
2019-07-04,4.47,23.0,83.28
2019-07-05,35.31,24.3,91.46
2019-07-06,63.1,24.22,93.07
2019-07-07,45.42,24.12,93.98
2019-07-08,39.66,24.65,91.54
2019-07-09,29.36,24.73,92.66
2019-07-10,30.98,24.71,92.06
2019-07-11,36.32,24.13,93.71
2019-07-12,5.46,24.65,89.44
2019-07-13,7.02,24.51,90.72
2019-07-14,11.35,24.3,92.21
2019-07-15,8.54,24.44,89.7
2019-07-16,7.85,24.01,91.42
2019-07-17,2.4,24.01,89.81
2019-07-18,3.7,24.4,87.72
2019-07-19,14.57,24.92,87.21
2019-07-20,17.59,25.37,86.02
2019-07-21,11.95,25.12,88.37
2019-07-22,12.63,24.64,92.83
2019-07-23,10.95,24.8,90.22
2019-07-24,41.9,24.04,93.84
2019-07-25,24.46,24.19,93.44
2019-07-26,72.45,23.81,94.15
2019-07-27,62.85,23.4,95.4
2019-07-28,26.8,23.52,94.3
2019-07-29,55.34,23.28,95.47
2019-07-30,46.2,22.96,95.31
2019-07-31,32.18,23.15,94.78
2019-08-01,36.67,23.53,92.75
2019-08-02,52.34,23.27,93.85
2019-08-03,71.94,23.39,96.03
2019-08-04,103.69,23.38,96.42
2019-08-05,39.84,23.6,95.23
2019-08-06,27.76,23.51,95.25
2019-08-07,32.7,23.44,95.89
2019-08-08,22.64,23.25,95.08
2019-08-09,24.63,23.12,95.84
2019-08-10,22.81,23.26,93.32
2019-08-11,15.0,23.04,92.25
2019-08-12,7.28,23.17,92.78
2019-08-13,7.85,23.83,92.28
2019-08-14,6.7,23.42,94.52
2019-08-15,7.41,23.92,92.04
2019-08-16,7.02,23.9,90.95
2019-08-17,2.41,23.58,90.36
2019-08-18,2.53,23.44,90.57
2019-08-19,1.6,23.43,90.68
2019-08-20,2.02,23.32,90.58
2019-08-21,9.44,23.43,90.29
2019-08-22,7.53,23.27,90.11
2019-08-23,5.2,23.09,90.69
2019-08-24,5.24,23.35,90.0
2019-08-25,3.43,22.59,89.84
2019-08-26,1.69,22.48,90.36
2019-08-27,3.28,22.83,90.07
2019-08-28,1.47,23.67,89.11
2019-08-29,8.11,24.12,89.43
2019-08-30,17.11,24.02,90.72
2019-08-31,23.48,23.7,93.52
2019-09-01,15.58,23.47,92.9
2019-09-02,21.02,24.03,91.87
2019-09-03,55.34,23.24,93.01
2019-09-04,67.23,23.11,95.22
2019-09-05,45.24,23.52,95.25
2019-09-06,38.78,23.3,94.45
2019-09-07,54.96,23.28,94.21
2019-09-08,27.33,23.36,93.83
2019-09-09,23.5,23.62,93.73
2019-09-10,16.41,23.73,92.94
2019-09-11,9.0,23.21,93.2
2019-09-12,15.07,22.88,94.16
2019-09-13,30.05,23.53,93.34
2019-09-14,32.87,23.75,92.79
2019-09-15,10.27,23.27,91.6
2019-09-16,9.09,22.98,92.03
2019-09-17,14.08,23.48,92.45
2019-09-18,15.29,24.17,92.64
2019-09-19,22.14,24.37,90.66
2019-09-20,11.58,22.93,93.09
2019-09-21,6.57,23.18,90.46
2019-09-22,2.8,24.09,91.21
2019-09-23,16.22,24.13,88.86
2019-09-24,38.27,24.09,91.89
2019-09-25,45.5,24.01,92.25
2019-09-26,30.25,23.0,96.08
2019-09-27,2.52,22.7,92.39
2019-09-28,1.26,22.99,91.65
2019-09-29,0.77,22.76,91.86
2019-09-30,1.74,23.14,91.9
2019-10-01,0.6,23.16,89.54
2019-10-02,0.16,23.49,86.29
2019-10-03,1.74,24.09,86.41
2019-10-04,15.37,23.66,88.65
2019-10-05,16.83,23.77,85.97
2019-10-06,6.29,23.36,86.26
2019-10-07,6.71,23.65,87.82
2019-10-08,11.69,24.17,86.06
2019-10-09,12.94,24.09,85.57
2019-10-10,6.18,24.0,83.86
2019-10-11,2.72,23.8,83.88
2019-10-12,4.54,23.72,86.56
2019-10-13,5.39,23.31,91.23
2019-10-14,0.2,24.04,85.25
2019-10-15,0.0,22.96,81.11
2019-10-16,0.0,21.81,81.22
2019-10-17,0.03,22.77,85.9
2019-10-18,1.94,22.57,87.77
2019-10-19,31.91,21.64,94.09
2019-10-20,18.34,21.85,92.83
2019-10-21,19.05,22.03,93.52
2019-10-22,17.93,22.43,94.77
2019-10-23,14.99,22.47,91.61
2019-10-24,8.63,22.24,94.72
2019-10-25,4.57,22.27,93.27
2019-10-26,1.45,22.6,91.21
2019-10-27,1.07,21.73,84.27
2019-10-28,2.61,22.43,87.28
2019-10-29,1.05,23.91,88.61
2019-10-30,2.7,23.72,88.86
2019-10-31,0.74,22.47,89.88
2019-11-01,9.99,22.21,94.12
2019-11-02,5.98,22.3,87.65
2019-11-03,8.22,22.78,87.49
2019-11-04,12.55,23.14,88.93
2019-11-05,2.59,23.14,84.3
2019-11-06,1.87,22.94,83.22
2019-11-07,0.84,22.21,90.48
2019-11-08,2.72,21.57,89.69
2019-11-09,0.63,21.85,81.81
2019-11-10,0.0,22.03,82.16
2019-11-11,0.0,22.07,80.31
2019-11-12,0.0,21.91,83.02
2019-11-13,0.0,21.05,84.36
2019-11-14,0.01,20.58,83.02
2019-11-15,0.0,22.08,83.81
2019-11-16,0.0,22.2,86.3
2019-11-17,0.0,21.72,85.24
2019-11-18,0.0,20.65,83.1
2019-11-19,0.0,19.87,80.03
2019-11-20,0.0,20.82,78.97
2019-11-21,0.0,21.5,84.07
2019-11-22,0.0,20.97,81.23
2019-11-23,0.0,20.23,79.5
2019-11-24,0.0,19.31,79.71
2019-11-25,0.0,19.77,79.03
2019-11-26,0.0,19.95,78.98
2019-11-27,0.0,19.93,77.27
2019-11-28,0.0,20.78,79.39
2019-11-29,0.0,21.53,80.01
2019-11-30,0.0,21.91,80.19
2019-12-01,0.0,22.15,84.12
2019-12-02,0.04,21.64,83.17
2019-12-03,0.03,21.3,86.56
2019-12-04,0.07,21.47,87.66
2019-12-05,0.02,21.46,87.31
2019-12-06,0.0,20.17,80.87
2019-12-07,0.0,19.94,80.68
2019-12-08,0.0,20.46,78.71
2019-12-09,0.0,21.49,81.63
2019-12-10,0.0,21.6,78.66
2019-12-11,0.0,21.72,74.19
2019-12-12,0.0,20.7,82.14
2019-12-13,0.0,19.74,78.71
2019-12-14,0.0,19.91,79.91
2019-12-15,0.0,20.74,78.46
2019-12-16,0.0,20.96,82.01
2019-12-17,0.0,20.22,81.46
2019-12-18,0.0,19.79,81.43
2019-12-19,0.0,19.87,77.6
2019-12-20,0.0,20.62,73.02
2019-12-21,0.0,19.89,75.69
2019-12-22,0.0,20.35,80.98
2019-12-23,0.0,21.78,78.12
2019-12-24,0.0,21.57,82.58
2019-12-25,0.11,21.81,85.54
2019-12-26,0.13,21.34,85.76
2019-12-27,0.0,20.61,82.08
2019-12-28,0.0,19.53,78.07
2019-12-29,0.0,19.94,82.77
2019-12-30,0.0,19.75,86.31
2019-12-31,0.0,17.9,80.97
2020-01-01,0.0,17.41,76.18
2020-01-02,0.0,18.07,77.99
2020-01-03,0.0,17.3,80.61
2020-01-04,0.0,16.71,75.26
2020-01-05,0.0,17.09,79.12
2020-01-06,0.0,18.91,76.77
2020-01-07,0.0,20.29,83.01
2020-01-08,0.0,19.62,88.48
2020-01-09,0.0,17.67,79.48
2020-01-10,0.0,18.46,79.38
2020-01-11,0.0,18.88,74.8
2020-01-12,0.0,19.33,65.31
2020-01-13,0.0,19.26,74.37
2020-01-14,0.0,18.93,82.97
2020-01-15,0.0,17.62,82.48
2020-01-16,0.0,15.51,77.7
2020-01-17,0.0,14.9,61.93
2020-01-18,0.0,17.57,67.89
2020-01-19,0.0,18.97,70.25
2020-01-20,0.0,19.89,72.66
2020-01-21,0.0,20.94,70.85
2020-01-22,0.0,21.01,68.41
2020-01-23,0.0,20.94,64.63
2020-01-24,0.0,20.86,65.1
2020-01-25,0.0,21.69,63.27
2020-01-26,0.0,21.55,65.53
2020-01-27,0.0,20.56,70.07
2020-01-28,0.0,17.96,84.12
2020-01-29,0.0,17.18,78.82
2020-01-30,0.0,16.41,63.08
2020-01-31,0.0,17.22,60.88
2020-02-01,0.0,17.76,60.44
2020-02-02,0.0,18.93,69.05
2020-02-03,0.0,19.61,77.08
2020-02-04,0.0,19.43,74.87
2020-02-05,0.0,19.16,60.61
2020-02-06,0.0,18.78,59.68
2020-02-07,0.0,17.53,54.63
2020-02-08,0.0,18.14,69.76
2020-02-09,0.0,20.03,70.94
2020-02-10,0.0,21.45,69.63
2020-02-11,0.0,22.02,70.75
2020-02-12,0.0,22.64,65.44
2020-02-13,0.0,22.14,59.54
2020-02-14,0.0,21.64,58.76
2020-02-15,0.0,21.61,55.31
2020-02-16,0.0,23.04,51.55
2020-02-17,0.0,23.26,49.43
2020-02-18,0.0,23.11,49.35
2020-02-19,0.0,23.55,54.3
2020-02-20,0.0,23.32,54.83
2020-02-21,0.0,23.02,55.94
2020-02-22,0.0,23.78,52.98
2020-02-23,0.0,24.18,49.28
2020-02-24,0.0,23.72,45.37
2020-02-25,0.0,22.54,41.49
2020-02-26,0.0,22.38,36.52
2020-02-27,0.0,22.72,35.66
2020-02-28,0.0,23.21,41.12
2020-02-29,0.0,23.59,46.64
2020-03-01,0.38,23.99,51.98
2020-03-02,0.0,23.39,52.44
2020-03-03,0.0,21.89,58.74
2020-03-04,0.0,20.76,68.07
2020-03-05,0.0,20.99,66.38
2020-03-06,0.0,20.6,72.19
2020-03-07,0.0,20.62,66.13
2020-03-08,0.0,21.9,58.82
2020-03-09,0.0,21.99,63.27
2020-03-10,0.0,21.84,70.72
2020-03-11,0.0,21.2,67.48
2020-03-12,0.0,20.33,69.88
2020-03-13,0.0,20.06,60.89
2020-03-14,0.0,21.56,34.15
2020-03-15,0.0,24.3,32.97
2020-03-16,0.11,26.51,38.3
2020-03-17,0.0,27.94,38.02
2020-03-18,0.0,27.39,37.9
2020-03-19,0.0,25.18,39.14
2020-03-20,0.0,23.76,49.33
2020-03-21,0.0,23.95,52.85
2020-03-22,0.0,25.47,47.75
2020-03-23,0.0,26.99,44.27
2020-03-24,0.43,28.17,43.41
2020-03-25,2.99,27.6,51.72
2020-03-26,2.38,26.43,61.71
2020-03-27,0.36,27.3,57.43
2020-03-28,1.09,27.47,48.66
2020-03-29,1.04,28.65,45.3
2020-03-30,0.2,28.7,44.03
2020-03-31,0.09,28.04,41.7
2020-04-01,0.0,28.38,37.46
2020-04-02,0.0,28.58,33.91
2020-04-03,0.0,29.16,35.17
2020-04-04,0.01,28.74,39.12
2020-04-05,0.09,28.66,41.94
2020-04-06,0.07,27.16,51.3
2020-04-07,0.0,26.64,47.3
2020-04-08,0.0,25.39,46.11
2020-04-09,0.0,26.27,51.15
2020-04-10,0.0,28.48,42.53
2020-04-11,0.01,30.33,39.56
2020-04-12,0.63,30.82,35.09
2020-04-13,0.1,30.82,34.38
2020-04-14,0.32,30.94,33.02
2020-04-15,0.11,31.72,32.77
2020-04-16,0.07,30.78,42.39
2020-04-17,0.02,30.41,44.29
2020-04-18,0.05,30.91,42.24
2020-04-19,1.49,31.26,41.05
2020-04-20,0.02,31.59,34.04
2020-04-21,0.0,29.95,30.36
2020-04-22,0.0,29.52,41.93
2020-04-23,0.0,29.37,48.29
2020-04-24,0.0,28.95,51.97
2020-04-25,0.0,27.91,52.99
2020-04-26,0.0,28.3,46.93
2020-04-27,0.0,28.82,56.05
2020-04-28,0.01,30.91,47.24
2020-04-29,0.22,30.86,47.66
2020-04-30,0.88,30.22,51.64
2020-05-01,1.27,29.78,56.01
2020-05-02,5.2,29.77,57.53
2020-05-03,0.04,30.06,52.27
2020-05-04,0.01,29.53,48.36
2020-05-05,0.02,29.72,55.07
2020-05-06,0.05,30.86,47.9
2020-05-07,0.0,31.05,40.52
2020-05-08,0.0,30.05,48.32
2020-05-09,0.0,30.7,47.22
2020-05-10,1.22,30.81,48.15
2020-05-11,5.17,30.59,46.66
2020-05-12,0.08,29.81,43.71
2020-05-13,0.77,30.2,50.64
2020-05-14,1.28,30.96,52.7
2020-05-15,4.1,28.72,60.61
2020-05-16,0.25,28.8,58.92
2020-05-17,0.99,29.02,58.85
2020-05-18,0.31,27.97,60.17
2020-05-19,0.01,28.36,61.28
2020-05-20,0.01,29.37,57.49
2020-05-21,0.0,29.92,56.54
2020-05-22,0.0,30.09,53.84
2020-05-23,0.0,30.64,48.53
2020-05-24,0.0,30.81,50.84
2020-05-25,0.0,30.98,53.23
2020-05-26,0.0,30.51,54.26
2020-05-27,0.0,29.58,55.68
2020-05-28,0.0,29.06,60.87
2020-05-29,0.0,28.95,62.49
2020-05-30,0.0,29.17,61.12
2020-05-31,1.17,27.32,64.51
2020-06-01,7.12,26.25,70.3
2020-06-02,16.91,25.16,77.74
2020-06-03,79.26,24.7,87.83
2020-06-04,26.22,24.33,88.69
2020-06-05,2.25,25.07,76.29
2020-06-06,8.45,24.98,80.88
2020-06-07,5.22,25.46,82.6
2020-06-08,8.66,24.93,73.38
2020-06-09,3.36,24.13,77.87
2020-06-10,5.71,24.58,80.73
2020-06-11,5.32,24.55,85.85
2020-06-12,5.37,25.45,82.89
2020-06-13,15.09,24.52,88.0
2020-06-14,10.06,25.34,86.77
2020-06-15,19.36,25.06,90.39
2020-06-16,11.15,24.81,87.44
2020-06-17,26.86,25.0,87.83
2020-06-18,28.39,24.8,88.98
2020-06-19,8.61,25.45,86.01
2020-06-20,1.93,25.04,86.42
2020-06-21,4.05,24.84,86.88
2020-06-22,2.17,25.06,83.74
2020-06-23,2.34,25.32,80.69
2020-06-24,1.88,25.55,80.97
2020-06-25,8.8,26.31,81.01
2020-06-26,6.56,24.34,88.63
2020-06-27,4.38,25.21,84.91
2020-06-28,10.29,25.1,86.25
2020-06-29,28.3,25.27,86.5
2020-06-30,27.34,24.09,91.76
2020-07-01,4.86,24.16,86.62
2020-07-02,8.03,24.92,86.08
2020-07-03,23.72,23.59,90.63
2020-07-04,50.41,24.19,91.69
2020-07-05,34.17,23.97,90.09
2020-07-06,24.24,24.92,88.97
2020-07-07,43.03,24.3,91.09
2020-07-08,18.7,24.38,88.1
2020-07-09,19.19,24.59,87.81
2020-07-10,17.3,24.31,90.02
2020-07-11,11.92,24.55,89.46
2020-07-12,13.83,24.18,88.73
2020-07-13,11.57,24.08,89.96
2020-07-14,19.44,24.66,89.77
2020-07-15,38.04,23.71,93.71
2020-07-16,21.53,22.8,92.12
2020-07-17,17.49,23.78,89.5
2020-07-18,7.57,24.56,89.4
2020-07-19,4.46,24.51,90.07
2020-07-20,2.27,23.96,89.45
2020-07-21,1.21,24.24,87.77
2020-07-22,4.56,24.67,89.42
2020-07-23,8.06,24.14,90.71
2020-07-24,27.69,23.78,89.43
2020-07-25,11.32,23.12,90.15
2020-07-26,17.34,23.87,88.47
2020-07-27,12.2,23.88,90.8
2020-07-28,16.54,23.81,91.92
2020-07-29,5.9,23.92,92.79
2020-07-30,6.55,24.12,88.17
2020-07-31,6.7,23.61,91.79
2020-08-01,3.93,24.21,92.35
2020-08-02,7.4,24.22,91.89
2020-08-03,30.78,24.24,93.07
2020-08-04,92.3,23.86,95.14
2020-08-05,74.93,23.85,95.28
2020-08-06,52.36,22.98,94.77
2020-08-07,23.93,24.39,91.96
2020-08-08,12.04,24.04,91.35
2020-08-09,8.23,23.85,92.12
2020-08-10,33.99,23.64,94.1
2020-08-11,15.93,23.62,92.62
2020-08-12,28.97,23.32,93.6
2020-08-13,47.0,23.19,95.73
2020-08-14,49.34,23.49,94.5
2020-08-15,42.83,23.49,94.7
2020-08-16,30.39,23.31,95.52
2020-08-17,36.92,23.06,95.75
2020-08-18,22.18,23.46,93.24
2020-08-19,14.87,23.66,92.59
2020-08-20,33.49,23.2,95.92
2020-08-21,30.88,23.28,95.25
2020-08-22,13.86,23.95,93.26
2020-08-23,8.79,23.88,92.44
2020-08-24,6.7,23.62,92.04
2020-08-25,4.22,23.49,91.73
2020-08-26,2.49,23.4,91.14
2020-08-27,3.81,22.97,92.34
2020-08-28,29.57,23.22,92.63
2020-08-29,31.88,22.91,94.58
2020-08-30,21.22,23.07,94.43
2020-08-31,13.04,23.53,92.54
2020-09-01,3.73,23.64,91.65
2020-09-02,0.66,23.73,91.1
2020-09-03,4.61,24.28,90.16
2020-09-04,3.25,25.21,86.98
2020-09-05,9.45,25.79,86.2
2020-09-06,19.17,25.84,86.29
2020-09-07,15.52,25.54,88.44
2020-09-08,5.31,24.67,92.17
2020-09-09,15.54,24.1,89.68
2020-09-10,26.21,23.64,93.92
2020-09-11,13.89,23.9,92.19
2020-09-12,15.16,24.16,90.82
2020-09-13,4.18,23.54,92.95
2020-09-14,3.76,22.52,93.37
2020-09-15,4.23,22.47,93.78
2020-09-16,5.23,22.89,93.38
2020-09-17,7.01,23.28,93.25
2020-09-18,3.23,22.7,95.11
2020-09-19,13.64,23.27,94.2
2020-09-20,14.94,23.65,93.0
2020-09-21,12.62,23.88,94.37
2020-09-22,42.42,23.46,96.61
2020-09-23,35.13,23.38,95.49
2020-09-24,4.94,24.36,92.23
2020-09-25,13.34,23.21,94.49
2020-09-26,2.46,22.48,92.65
2020-09-27,2.08,22.78,89.82
2020-09-28,0.27,23.03,89.4
2020-09-29,0.29,22.85,90.18
2020-09-30,0.36,23.09,89.81
2020-10-01,0.35,23.33,89.13
2020-10-02,2.26,23.79,88.66
2020-10-03,5.87,24.59,87.69
2020-10-04,4.37,23.97,91.49
2020-10-05,0.52,23.84,88.84
2020-10-06,0.13,22.86,88.85
2020-10-07,0.09,24.02,82.59
2020-10-08,0.23,24.45,76.5
2020-10-09,0.07,24.26,82.04
2020-10-10,15.35,24.41,86.79
2020-10-11,12.85,23.58,88.33
2020-10-12,5.32,23.38,90.08
2020-10-13,19.0,24.59,87.26
2020-10-14,28.83,23.87,92.68
2020-10-15,41.91,23.91,94.88
2020-10-16,1.27,24.04,91.24
2020-10-17,2.15,23.4,89.35
2020-10-18,5.16,23.52,90.25
2020-10-19,13.99,23.54,91.73
2020-10-20,15.14,24.55,89.38
2020-10-21,4.94,25.24,88.48
2020-10-22,13.4,24.28,93.18
2020-10-23,6.31,23.42,91.17
2020-10-24,7.74,23.42,89.17
2020-10-25,6.64,23.75,82.65
2020-10-26,1.29,22.97,88.44
2020-10-27,0.01,23.13,83.07
2020-10-28,0.0,22.71,76.03
2020-10-29,0.0,21.98,74.79
2020-10-30,0.0,22.1,72.51
2020-10-31,0.0,21.89,77.22
2020-11-01,0.0,22.61,81.48
2020-11-02,0.0,22.14,83.89
2020-11-03,0.0,21.81,79.44
2020-11-04,0.0,21.79,75.07
2020-11-05,0.0,20.65,75.69
2020-11-06,0.0,19.3,73.46
2020-11-07,0.0,20.14,80.57
2020-11-08,0.0,21.14,82.86
2020-11-09,0.0,19.4,75.8
2020-11-10,0.0,17.69,72.99
2020-11-11,0.0,17.23,73.89
2020-11-12,0.0,18.6,78.32
2020-11-13,0.0,22.15,86.6
2020-11-14,0.0,23.22,84.55
2020-11-15,0.0,22.52,80.48
2020-11-16,0.0,22.48,84.19
2020-11-17,0.0,22.62,84.24
2020-11-18,0.05,22.7,85.66
2020-11-19,0.04,23.53,83.99
2020-11-20,0.87,23.71,82.69
2020-11-21,0.29,23.44,82.04
2020-11-22,0.01,21.97,86.02
2020-11-23,0.0,22.23,84.32
2020-11-24,0.0,21.51,80.46
2020-11-25,0.0,19.9,75.83
2020-11-26,0.0,19.98,79.74
2020-11-27,0.0,20.02,83.31
2020-11-28,0.0,20.52,84.68
2020-11-29,0.0,22.04,85.47
2020-11-30,0.0,22.8,86.17
2020-12-01,0.0,22.55,85.42
2020-12-02,0.0,20.71,80.34
2020-12-03,0.0,19.25,75.77
2020-12-04,0.0,19.41,72.41
2020-12-05,0.0,19.01,70.76
2020-12-06,0.0,18.5,72.56
2020-12-07,0.0,18.4,71.42
2020-12-08,0.0,19.16,69.31
2020-12-09,0.01,20.53,75.23
2020-12-10,0.2,21.85,76.34
2020-12-11,0.64,21.32,84.83
2020-12-12,0.05,21.72,80.64
2020-12-13,1.08,21.1,79.2
2020-12-14,4.56,21.42,81.36
2020-12-15,0.16,20.86,80.68
2020-12-16,0.0,21.01,78.72
2020-12-17,0.0,20.33,80.44
2020-12-18,0.0,19.37,79.54
2020-12-19,0.0,18.53,79.17
2020-12-20,0.0,17.71,72.37
2020-12-21,0.0,16.3,63.27
2020-12-22,0.0,16.12,63.1
2020-12-23,0.0,17.36,61.56
2020-12-24,0.0,17.82,66.48
2020-12-25,0.0,18.67,73.71
2020-12-26,0.0,19.61,70.6
2020-12-27,0.0,19.72,74.86
2020-12-28,0.0,19.38,74.01
2020-12-29,0.0,19.21,72.32
2020-12-30,0.0,19.3,72.16
2020-12-31,0.0,19.62,77.59
2021-01-01,0.01,21.19,78.45
2021-01-02,0.0,21.3,82.12
2021-01-03,0.0,20.89,77.4
2021-01-04,1.07,20.77,82.8
2021-01-05,0.13,20.71,81.44
2021-01-06,0.04,21.79,80.92
2021-01-07,1.84,21.1,90.06
2021-01-08,9.98,21.87,88.65
2021-01-09,3.4,22.72,83.79
2021-01-10,0.15,23.13,78.06
2021-01-11,0.0,22.65,72.05
2021-01-12,0.0,22.55,69.67
2021-01-13,0.0,22.46,69.94
2021-01-14,0.0,22.09,67.29
2021-01-15,0.0,21.07,70.39
2021-01-16,0.0,22.1,67.05
2021-01-17,0.0,23.08,72.42
2021-01-18,0.0,23.17,76.75
2021-01-19,0.0,22.18,73.0
2021-01-20,0.0,21.62,66.92
2021-01-21,0.0,20.0,60.8
2021-01-22,0.0,20.9,57.11
2021-01-23,0.0,20.94,62.16
2021-01-24,0.0,20.72,61.77
2021-01-25,0.0,19.62,59.07
2021-01-26,0.0,19.94,55.26
2021-01-27,0.0,19.56,55.19
2021-01-28,0.0,19.74,58.04
2021-01-29,0.0,19.52,57.96
2021-01-30,0.0,20.28,60.32
2021-01-31,0.0,20.26,62.03
2021-02-01,0.0,20.04,57.53
2021-02-02,0.0,19.89,47.43
2021-02-03,0.0,19.76,44.19
2021-02-04,0.0,19.88,50.39
2021-02-05,0.0,19.49,59.21
2021-02-06,0.0,19.0,52.36
2021-02-07,0.0,19.49,50.59
2021-02-08,0.0,19.28,45.12
2021-02-09,0.0,20.0,40.62
2021-02-10,0.0,20.71,41.32
2021-02-11,0.0,21.35,42.1
2021-02-12,0.0,21.62,48.51
2021-02-13,0.0,21.34,52.11
2021-02-14,0.0,21.66,55.07
2021-02-15,0.0,21.16,57.84
2021-02-16,0.0,20.99,63.86
2021-02-17,0.02,21.68,64.87
2021-02-18,3.38,22.15,65.04
2021-02-19,5.37,20.62,69.49
2021-02-20,0.0,20.81,59.84
2021-02-21,0.0,22.51,58.6
2021-02-22,0.0,23.82,58.67
2021-02-23,0.0,24.3,55.11
2021-02-24,0.0,23.66,49.37
2021-02-25,0.0,23.43,51.85
2021-02-26,0.0,23.88,50.9
2021-02-27,0.0,24.21,43.63
2021-02-28,0.0,24.83,42.43
2021-03-01,0.0,25.69,44.11
2021-03-02,0.0,25.05,39.36
2021-03-03,0.0,25.24,31.41
2021-03-04,0.0,24.8,33.7
2021-03-05,0.0,24.81,34.3
2021-03-06,0.0,25.34,42.41
2021-03-07,0.0,25.31,39.76
2021-03-08,0.0,25.02,38.95
2021-03-09,0.0,25.54,39.67
2021-03-10,0.0,26.13,40.03
2021-03-11,0.0,25.66,41.87
2021-03-12,0.0,25.79,41.04
2021-03-13,0.0,26.64,36.98
2021-03-14,0.0,26.84,38.02
2021-03-15,0.0,26.55,36.61
2021-03-16,0.0,26.75,36.29
2021-03-17,0.0,26.96,36.03
2021-03-18,0.0,26.92,38.49
2021-03-19,0.0,26.14,38.23
2021-03-20,0.02,25.97,39.68
2021-03-21,0.07,26.63,40.25
2021-03-22,2.57,26.16,47.35
2021-03-23,0.09,27.64,44.12
2021-03-24,0.02,28.63,39.24
2021-03-25,1.25,28.18,34.24
2021-03-26,0.0,28.03,29.86
2021-03-27,0.0,28.3,27.69
2021-03-28,0.0,28.43,28.94
2021-03-29,0.0,28.73,31.78
2021-03-30,0.0,27.14,38.76
2021-03-31,0.0,26.81,35.76
2021-04-01,0.0,26.5,51.54
2021-04-02,0.0,26.15,56.2
2021-04-03,0.0,26.61,57.69
2021-04-04,0.0,27.39,56.21
2021-04-05,0.0,28.78,44.24
2021-04-06,0.0,29.77,36.01
2021-04-07,0.0,29.77,29.61
2021-04-08,0.0,28.83,37.78
2021-04-09,0.11,28.85,40.38
2021-04-10,0.09,29.39,34.69
2021-04-11,0.83,29.34,40.46
2021-04-12,1.28,29.66,41.91
2021-04-13,5.59,29.31,46.03
2021-04-14,1.88,28.68,46.47
2021-04-15,0.5,28.43,42.72
2021-04-16,0.5,27.95,43.43
2021-04-17,0.0,28.52,40.94
2021-04-18,0.0,29.71,35.87
2021-04-19,0.0,28.68,44.36
2021-04-20,0.0,27.4,53.55
2021-04-21,0.0,27.33,53.38
2021-04-22,0.0,27.99,47.25
2021-04-23,0.0,28.02,49.31
2021-04-24,0.0,28.43,41.73
2021-04-25,0.0,30.33,37.71
2021-04-26,0.17,29.39,51.84
2021-04-27,1.87,29.93,46.56
2021-04-28,0.41,29.47,41.29
2021-04-29,0.17,29.27,48.67
2021-04-30,0.57,30.04,43.45
2021-05-01,0.11,30.32,40.37
2021-05-02,8.41,29.1,52.31
2021-05-03,4.82,28.74,59.91
2021-05-04,6.01,28.66,57.71
2021-05-05,0.55,29.16,52.42
2021-05-06,4.15,29.0,56.71
2021-05-07,1.91,28.9,60.71
2021-05-08,0.93,29.64,53.98
2021-05-09,0.56,29.49,54.35
2021-05-10,0.0,29.55,55.74
2021-05-11,0.0,29.0,53.69
2021-05-12,0.0,28.84,53.72
2021-05-13,0.01,28.6,50.28
2021-05-14,2.77,30.02,46.89
2021-05-15,6.15,29.1,60.63
2021-05-16,16.4,26.7,73.86
2021-05-17,129.13,24.68,86.71
2021-05-18,33.84,25.51,85.17
2021-05-19,13.78,25.29,86.89
2021-05-20,0.39,25.59,79.54
2021-05-21,0.9,26.25,76.72
2021-05-22,1.88,26.04,78.62
2021-05-23,0.98,25.81,77.83
2021-05-24,0.72,26.45,75.11
2021-05-25,0.12,26.66,77.21
2021-05-26,0.05,26.03,78.5
2021-05-27,0.05,26.15,76.3
2021-05-28,0.07,26.98,76.18
2021-05-29,11.49,26.88,78.7
2021-05-30,7.43,26.25,81.28
2021-05-31,11.8,25.78,83.65
2021-06-01,14.68,26.16,83.09
2021-06-02,15.72,26.21,82.56
2021-06-03,3.52,26.53,78.01
2021-06-04,2.32,26.09,80.0
2021-06-05,18.19,24.58,84.92
2021-06-06,8.48,25.19,80.35
2021-06-07,3.48,25.11,81.39
2021-06-08,17.34,25.17,84.23
2021-06-09,28.8,25.3,86.12
2021-06-10,28.5,24.34,90.54
2021-06-11,17.24,25.32,86.13
2021-06-12,23.48,25.46,91.31
2021-06-13,13.55,25.25,89.94
2021-06-14,4.07,25.42,85.51
2021-06-15,19.56,25.11,88.32
2021-06-16,41.31,24.74,92.35
2021-06-17,48.01,24.87,89.71
2021-06-18,51.5,24.92,89.59
2021-06-19,40.03,24.25,91.23
2021-06-20,13.86,24.45,88.66
2021-06-21,4.93,24.19,89.1
2021-06-22,5.14,24.23,88.1
2021-06-23,6.1,24.08,88.59
2021-06-24,7.22,23.99,88.09
2021-06-25,14.09,23.59,89.37
2021-06-26,5.47,24.1,87.88
2021-06-27,5.82,23.25,90.23
2021-06-28,17.92,23.63,91.03
2021-06-29,3.35,24.9,88.19
2021-06-30,2.96,24.26,90.04
2021-07-01,2.13,23.95,90.83
2021-07-02,0.5,24.53,87.47
2021-07-03,2.46,24.47,87.86
2021-07-04,1.24,24.51,86.51
2021-07-05,4.86,24.3,87.5
2021-07-06,2.6,24.55,86.6
2021-07-07,3.64,24.61,87.43
2021-07-08,15.74,24.14,90.81
2021-07-09,10.22,23.89,88.69
2021-07-10,9.34,24.14,83.22
2021-07-11,13.35,23.89,92.12
2021-07-12,48.58,23.53,93.43
2021-07-13,25.79,23.89,91.11
2021-07-14,17.09,23.49,92.65
2021-07-15,31.23,24.08,94.4
2021-07-16,14.18,24.42,90.34
2021-07-17,35.86,24.19,92.48
2021-07-18,44.84,24.17,94.09
2021-07-19,73.76,23.75,94.43
2021-07-20,37.97,23.75,93.77
2021-07-21,95.24,23.23,95.48
2021-07-22,60.77,23.27,93.74
2021-07-23,84.96,23.14,95.07
2021-07-24,38.04,24.18,91.69
2021-07-25,27.81,24.19,93.12
2021-07-26,19.62,23.95,92.03
2021-07-27,15.18,23.52,91.0
2021-07-28,12.1,23.36,90.86
2021-07-29,12.8,22.84,93.16
2021-07-30,10.8,22.81,92.27
2021-07-31,8.7,23.02,91.9
2021-08-01,6.13,22.98,90.65
2021-08-02,10.87,23.34,90.3
2021-08-03,14.36,23.78,90.73
2021-08-04,14.0,23.52,91.51
2021-08-05,7.33,23.5,90.72
2021-08-06,4.59,23.71,90.15
2021-08-07,2.57,23.91,89.15
2021-08-08,3.69,23.7,90.63
2021-08-09,1.7,23.96,89.59
2021-08-10,2.89,23.77,89.68
2021-08-11,3.84,23.73,89.42
2021-08-12,8.22,23.76,88.51
2021-08-13,5.89,23.84,88.74
2021-08-14,15.5,23.5,89.53
2021-08-15,12.77,23.6,89.68
2021-08-16,6.96,23.74,88.76
2021-08-17,9.96,22.63,92.31
2021-08-18,18.35,22.17,91.76
2021-08-19,17.24,22.4,92.7
2021-08-20,10.78,22.87,90.99
2021-08-21,19.3,22.47,92.2
2021-08-22,1.25,22.14,89.59
2021-08-23,0.24,23.13,87.03
2021-08-24,1.75,23.45,89.12
2021-08-25,1.55,23.65,89.56
2021-08-26,2.63,23.65,89.61
2021-08-27,3.16,23.82,88.76
2021-08-28,0.61,23.46,88.38
2021-08-29,0.63,23.29,87.65
2021-08-30,6.72,22.1,91.7
2021-08-31,38.89,21.93,95.38
2021-09-01,7.26,23.31,91.23
2021-09-02,4.8,22.73,93.14
2021-09-03,10.01,23.33,91.22
2021-09-04,12.94,23.65,90.75
2021-09-05,13.73,23.27,91.43
2021-09-06,14.16,23.07,93.26
2021-09-07,32.97,23.47,95.61
2021-09-08,23.7,23.48,96.01
2021-09-09,13.57,23.56,92.18
2021-09-10,14.38,23.74,91.86
2021-09-11,24.42,23.98,92.4
2021-09-12,36.74,24.08,93.82
2021-09-13,30.35,23.91,94.14
2021-09-14,12.28,23.57,92.66
2021-09-15,3.07,23.15,92.05
2021-09-16,0.64,23.2,91.65
2021-09-17,0.48,22.79,91.2
2021-09-18,1.53,23.11,90.5
2021-09-19,8.82,23.56,90.69
2021-09-20,9.98,23.67,91.48
2021-09-21,26.26,23.35,93.03
2021-09-22,18.93,23.39,91.97
2021-09-23,7.11,23.48,90.99
2021-09-24,1.24,23.11,90.05
2021-09-25,2.27,23.14,90.52
2021-09-26,2.03,23.15,90.29
2021-09-27,7.89,22.61,91.97
2021-09-28,34.57,21.83,93.96
2021-09-29,9.52,22.76,91.77
2021-09-30,4.46,23.78,90.66
2021-10-01,8.01,24.24,88.16
2021-10-02,3.05,24.63,89.23
2021-10-03,4.76,24.63,88.82
2021-10-04,9.89,25.1,88.67
2021-10-05,4.65,25.19,88.84
2021-10-06,11.38,24.4,87.2
2021-10-07,1.26,25.42,85.83
2021-10-08,3.85,23.89,94.37
2021-10-09,20.82,24.08,91.93
2021-10-10,5.75,24.02,89.16
2021-10-11,2.77,24.35,87.41
2021-10-12,4.47,24.69,84.95
2021-10-13,0.09,23.76,82.8
2021-10-14,0.13,23.57,80.93
2021-10-15,0.0,23.97,82.31
2021-10-16,0.0,23.31,79.96
2021-10-17,0.1,23.81,86.07
2021-10-18,0.15,22.68,88.52
2021-10-19,0.06,21.67,86.47
2021-10-20,0.0,22.26,82.97
2021-10-21,0.0,22.31,76.11
2021-10-22,0.0,21.95,77.97
2021-10-23,0.0,21.44,80.45
2021-10-24,0.0,20.8,84.57
2021-10-25,0.0,21.12,81.92
2021-10-26,0.0,20.86,78.52
2021-10-27,0.0,20.57,76.06
2021-10-28,0.0,20.62,80.51
2021-10-29,0.0,21.25,80.16
2021-10-30,0.0,21.65,78.82
2021-10-31,0.0,21.84,79.81
2021-11-01,0.0,22.07,81.15
2021-11-02,0.0,21.71,81.39
2021-11-03,0.0,22.09,84.58
2021-11-04,0.51,23.55,84.31
2021-11-05,4.59,22.56,89.55
2021-11-06,3.52,22.34,86.12
2021-11-07,2.19,22.14,85.47
2021-11-08,0.0,20.67,76.36
2021-11-09,0.0,19.28,73.52
2021-11-10,0.0,18.97,71.22
2021-11-11,0.0,18.65,72.89
2021-11-12,0.0,20.52,74.25
2021-11-13,0.0,23.22,85.05
2021-11-14,0.3,23.84,85.5
2021-11-15,0.22,24.32,86.44
2021-11-16,5.17,23.88,88.75
2021-11-17,4.26,23.6,90.26
2021-11-18,5.01,24.05,82.79
2021-11-19,0.87,23.7,84.5
2021-11-20,0.97,23.66,87.45
2021-11-21,11.45,24.24,84.75
2021-11-22,2.88,23.99,88.45
2021-11-23,0.02,24.26,87.95
2021-11-24,0.0,23.89,83.75
2021-11-25,0.0,22.24,80.88
2021-11-26,0.0,21.3,79.39
2021-11-27,0.0,20.61,75.33
2021-11-28,0.0,18.94,76.04
2021-11-29,0.0,19.9,76.57
2021-11-30,0.31,19.92,89.11
2021-12-01,64.48,18.74,92.73
2021-12-02,14.04,19.06,89.65
2021-12-03,0.47,21.11,88.62
2021-12-04,0.61,20.95,86.85
2021-12-05,0.02,19.59,84.18
2021-12-06,0.0,19.67,81.61
2021-12-07,0.0,19.8,79.68
2021-12-08,0.0,19.88,77.73
2021-12-09,0.0,20.08,79.12
2021-12-10,0.0,20.59,83.48
2021-12-11,0.0,20.69,82.85
2021-12-12,0.0,20.61,79.53
2021-12-13,0.0,19.95,81.74
2021-12-14,0.0,19.72,83.1
2021-12-15,0.0,19.52,83.51
2021-12-16,0.0,20.1,82.99
2021-12-17,0.0,19.64,79.19
2021-12-18,0.0,18.64,75.17
2021-12-19,0.0,17.67,74.78
2021-12-20,0.0,17.51,68.51
2021-12-21,0.0,17.5,68.48
2021-12-22,0.0,18.44,69.24
2021-12-23,0.0,18.42,72.03
2021-12-24,0.0,18.34,73.32
2021-12-25,0.0,18.25,70.95
2021-12-26,0.0,18.55,71.24
2021-12-27,0.0,19.74,64.69
2021-12-28,0.01,19.59,70.94
2021-12-29,0.0,18.1,71.43
2021-12-30,0.0,18.21,80.1
2021-12-31,0.0,19.32,78.23
2022-01-01,0.0,20.27,77.45
2022-01-02,0.0,20.29,78.85
2022-01-03,0.0,20.39,76.19
2022-01-04,0.0,20.2,71.59
2022-01-05,0.0,19.4,72.63
2022-01-06,0.0,19.51,76.88
2022-01-07,0.0,18.92,82.67
2022-01-08,0.51,18.94,84.99
2022-01-09,0.61,17.78,85.3
2022-01-10,0.0,16.71,75.33
2022-01-11,0.0,15.52,72.43
2022-01-12,0.0,15.63,81.69
2022-01-13,0.0,16.12,82.45
2022-01-14,0.0,17.0,82.16
2022-01-15,0.0,18.55,77.19
2022-01-16,0.0,19.38,77.01
2022-01-17,0.0,20.49,75.15
2022-01-18,0.0,20.19,71.4
2022-01-19,0.0,19.43,66.29
2022-01-20,0.0,19.41,61.32
2022-01-21,0.0,19.26,67.07
2022-01-22,0.05,18.59,85.35
2022-01-23,0.1,16.65,82.07
2022-01-24,0.0,13.41,68.24
2022-01-25,0.0,14.13,56.48
2022-01-26,0.0,15.97,56.84
2022-01-27,0.0,16.42,59.43
2022-01-28,0.0,17.12,57.7
2022-01-29,0.0,18.4,46.74
2022-01-30,0.0,19.05,48.46
2022-01-31,0.0,19.41,51.48
2022-02-01,0.0,19.21,52.33
2022-02-02,0.0,19.65,54.26
2022-02-03,0.0,18.19,69.39
2022-02-04,0.0,17.75,73.53
2022-02-05,0.0,17.81,56.67
2022-02-06,0.0,18.89,54.0
2022-02-07,0.0,19.14,70.15
2022-02-08,0.0,18.76,76.46
2022-02-09,0.0,18.43,73.9
2022-02-10,0.0,19.16,59.5
2022-02-11,0.0,20.17,51.47
2022-02-12,0.0,20.34,50.66
2022-02-13,0.0,20.63,55.26
2022-02-14,0.0,19.84,58.65
2022-02-15,0.0,18.98,64.95
2022-02-16,0.0,18.67,66.68
2022-02-17,0.0,19.85,59.9
2022-02-18,0.0,20.7,58.94
2022-02-19,0.0,21.54,63.29
2022-02-20,0.0,22.01,52.69
2022-02-21,0.0,22.03,43.39
2022-02-22,0.0,22.68,43.17
2022-02-23,0.0,23.42,48.61
2022-02-24,0.0,23.83,49.2
2022-02-25,0.0,24.04,48.31
2022-02-26,0.0,23.87,47.03
2022-02-27,0.0,22.99,46.4
2022-02-28,0.0,22.96,40.48
2022-03-01,0.0,23.4,39.71
2022-03-02,0.0,24.37,40.82
2022-03-03,0.0,24.67,40.68
2022-03-04,0.0,24.65,39.47
2022-03-05,0.0,25.06,39.91
2022-03-06,0.0,25.5,43.95
2022-03-07,0.06,25.9,46.33
2022-03-08,0.08,26.32,47.05
2022-03-09,0.04,26.69,44.53
2022-03-10,0.01,25.72,42.44
2022-03-11,0.68,27.06,45.46
2022-03-12,0.08,26.56,47.34
2022-03-13,0.0,25.98,37.46
2022-03-14,0.0,26.07,27.11
2022-03-15,0.0,26.6,32.59
2022-03-16,0.0,27.81,31.02
2022-03-17,0.0,28.1,31.26
2022-03-18,0.0,28.6,31.03
2022-03-19,0.0,27.62,40.12
2022-03-20,0.0,26.49,45.84
2022-03-21,0.0,26.62,46.31
2022-03-22,0.0,27.92,33.38
2022-03-23,0.01,28.57,34.59
2022-03-24,0.04,27.61,40.61
2022-03-25,0.04,27.39,47.32
2022-03-26,0.0,27.54,48.13
2022-03-27,0.0,28.26,48.61
2022-03-28,0.0,28.79,48.76
2022-03-29,0.0,28.79,38.44
2022-03-30,0.0,28.98,30.23
2022-03-31,0.0,27.99,31.33
2022-04-01,0.0,28.2,25.37
2022-04-02,0.0,28.99,28.08
2022-04-03,0.0,28.91,35.11
2022-04-04,0.0,29.5,33.39
2022-04-05,0.01,29.64,46.19
2022-04-06,0.04,29.83,49.51
2022-04-07,0.0,30.43,36.11
2022-04-08,0.39,30.57,29.15
2022-04-09,0.28,29.09,45.47
2022-04-10,0.01,28.18,53.5
2022-04-11,0.01,29.54,39.75
2022-04-12,0.0,30.38,35.42
2022-04-13,0.0,30.39,29.76
2022-04-14,0.0,28.89,35.85
2022-04-15,0.0,27.43,54.16
2022-04-16,0.0,28.28,48.85
2022-04-17,0.02,28.63,50.19
2022-04-18,0.0,28.95,50.57
2022-04-19,0.0,27.54,52.42
2022-04-20,0.0,28.8,49.36
2022-04-21,0.0,31.03,30.29
2022-04-22,6.3,31.6,33.74
2022-04-23,1.61,29.28,55.03
2022-04-24,0.11,28.71,49.0
2022-04-25,0.0,30.09,45.56
2022-04-26,0.85,30.09,37.55
2022-04-27,0.0,31.73,29.37
2022-04-28,0.0,32.36,29.64
2022-04-29,0.01,30.6,42.85
2022-04-30,0.0,29.94,40.44
2022-05-01,0.0,28.62,55.03
2022-05-02,0.0,27.8,58.85
2022-05-03,0.0,27.17,63.76
2022-05-04,0.0,28.99,54.02
2022-05-05,0.0,29.32,52.77
2022-05-06,0.0,29.42,53.92
2022-05-07,0.0,29.61,54.97
2022-05-08,0.0,30.68,50.11
2022-05-09,0.0,30.05,52.46
2022-05-10,0.0,28.47,61.8
2022-05-11,0.0,29.2,63.19
2022-05-12,0.01,28.99,63.7
2022-05-13,0.0,28.57,61.62
2022-05-14,0.01,28.92,60.54
2022-05-15,0.0,28.81,60.77
2022-05-16,0.01,30.0,58.59
2022-05-17,0.02,29.28,60.73
2022-05-18,0.0,28.52,61.1
2022-05-19,2.31,28.48,59.91
2022-05-20,0.98,27.05,65.63
2022-05-21,0.07,26.81,68.54
2022-05-22,0.06,27.0,69.67
2022-05-23,0.95,27.53,71.1
2022-05-24,0.64,27.99,68.23
2022-05-25,0.11,27.94,63.19
2022-05-26,0.0,27.51,60.37
2022-05-27,0.0,27.81,60.43
2022-05-28,0.0,27.96,60.28
2022-05-29,0.0,27.66,61.35
2022-05-30,0.0,27.96,62.37
2022-05-31,2.17,28.08,62.01
2022-06-01,2.79,27.86,63.34
2022-06-02,0.04,28.02,60.0
2022-06-03,0.02,28.32,60.4
2022-06-04,0.01,28.21,59.74
2022-06-05,2.12,28.48,60.68
2022-06-06,2.65,27.4,64.64
2022-06-07,0.1,27.58,64.67
2022-06-08,0.14,27.64,67.58
2022-06-09,1.32,27.68,68.82
2022-06-10,9.37,26.96,74.06
2022-06-11,13.7,25.08,82.24
2022-06-12,3.16,25.43,76.54
2022-06-13,0.92,26.18,72.12
2022-06-14,0.26,26.77,67.12
2022-06-15,1.78,26.38,74.37
2022-06-16,5.65,25.98,77.15
2022-06-17,3.68,25.73,77.13
2022-06-18,3.03,25.7,74.4
2022-06-19,16.32,25.64,81.28
2022-06-20,9.69,25.46,81.61
2022-06-21,6.85,25.11,83.45
2022-06-22,11.24,25.36,83.31
2022-06-23,13.46,25.06,78.95
2022-06-24,11.14,24.21,86.16
2022-06-25,9.82,24.15,91.41
2022-06-26,15.06,24.45,88.86
2022-06-27,13.7,24.39,86.25
2022-06-28,9.09,24.92,84.11
2022-06-29,20.41,24.9,86.89
2022-06-30,28.71,24.04,87.92
2022-07-01,33.1,24.23,88.76
2022-07-02,17.97,24.56,86.91
2022-07-03,13.19,24.7,86.08
2022-07-04,41.88,24.02,91.92
2022-07-05,61.67,23.62,92.13
2022-07-06,55.4,24.1,90.07
2022-07-07,36.87,23.48,91.74
2022-07-08,48.67,23.31,93.76
2022-07-09,33.7,23.49,92.05
2022-07-10,41.09,22.95,94.61
2022-07-11,63.9,22.96,94.98
2022-07-12,60.15,22.57,94.79
2022-07-13,78.23,22.56,95.44
2022-07-14,81.98,22.51,95.35
2022-07-15,31.37,22.85,93.61
2022-07-16,27.59,23.56,92.63
2022-07-17,14.72,23.9,91.97
2022-07-18,14.52,22.69,94.22
2022-07-19,14.54,23.5,91.77
2022-07-20,9.52,23.43,91.13
2022-07-21,8.5,23.24,91.88
2022-07-22,6.07,23.04,92.02
2022-07-23,17.64,23.29,92.97
2022-07-24,16.73,23.33,91.95
2022-07-25,11.58,23.08,91.24
2022-07-26,4.9,23.33,90.46
2022-07-27,12.17,23.92,88.82
2022-07-28,19.51,23.89,89.59
2022-07-29,4.42,24.4,90.32
2022-07-30,3.3,24.08,91.48
2022-07-31,2.73,23.94,90.45
2022-08-01,0.98,23.95,89.45
2022-08-02,3.5,23.67,91.08
2022-08-03,13.01,23.78,92.64
2022-08-04,14.99,23.85,91.75
2022-08-05,13.22,23.88,91.69
2022-08-06,19.67,23.43,90.57
2022-08-07,36.61,23.31,95.03
2022-08-08,51.92,23.12,96.02
2022-08-09,55.66,22.87,94.63
2022-08-10,37.21,22.99,94.3
2022-08-11,34.88,22.9,94.26
2022-08-12,21.6,23.03,92.71
2022-08-13,18.25,23.03,92.51
2022-08-14,12.84,22.72,92.13
2022-08-15,26.02,21.87,95.25
2022-08-16,22.92,22.12,94.39
2022-08-17,16.4,22.86,92.92
2022-08-18,10.63,22.87,92.44
2022-08-19,10.11,23.17,92.09
2022-08-20,9.55,23.19,91.83
2022-08-21,7.61,22.74,92.69
2022-08-22,13.38,23.01,92.36
2022-08-23,14.47,23.56,91.77
2022-08-24,9.03,23.31,90.85
2022-08-25,4.66,23.1,91.21
2022-08-26,1.34,23.02,90.24
2022-08-27,0.24,22.82,89.45
2022-08-28,0.4,22.91,89.33
2022-08-29,0.34,23.44,86.7
2022-08-30,5.07,24.16,88.22
2022-08-31,15.17,24.85,90.63
2022-09-01,6.36,24.35,92.36
2022-09-02,2.08,25.06,86.22
2022-09-03,5.38,25.12,87.24
2022-09-04,5.58,24.13,91.02
2022-09-05,5.57,23.93,91.41
2022-09-06,10.69,23.98,88.84
2022-09-07,13.17,24.16,90.37
2022-09-08,47.46,24.34,88.74
2022-09-09,9.34,24.32,90.0
2022-09-10,7.54,24.36,89.5
2022-09-11,23.9,24.26,91.92
2022-09-12,27.18,22.99,95.46
2022-09-13,23.45,23.45,93.25
2022-09-14,19.98,23.22,92.98
2022-09-15,32.29,23.52,93.5
2022-09-16,39.53,23.05,95.59
2022-09-17,21.65,23.36,92.53
2022-09-18,18.1,22.68,91.79
2022-09-19,7.98,21.86,91.04
2022-09-20,6.85,21.58,92.8
2022-09-21,2.54,21.45,93.48
2022-09-22,2.35,21.18,92.71
2022-09-23,5.64,21.65,92.98
2022-09-24,3.51,22.25,91.28
2022-09-25,4.31,22.75,90.65
2022-09-26,3.64,22.02,92.15
2022-09-27,1.35,22.81,90.26
2022-09-28,1.49,22.65,92.09
2022-09-29,9.11,22.93,91.9
2022-09-30,15.29,23.95,89.48
2022-10-01,9.24,23.7,91.2
2022-10-02,5.55,22.91,90.24
2022-10-03,0.57,22.67,89.59
2022-10-04,1.83,23.29,88.07
2022-10-05,1.75,23.25,89.67
2022-10-06,9.27,21.82,90.21
2022-10-07,30.66,22.63,94.12
2022-10-08,8.37,22.68,92.5
2022-10-09,0.21,23.3,86.81
2022-10-10,3.17,24.02,89.62
2022-10-11,12.95,24.05,90.91
2022-10-12,13.42,23.32,95.15
2022-10-13,7.38,22.88,90.07
2022-10-14,34.28,23.11,91.15
2022-10-15,4.76,23.0,87.66
2022-10-16,0.91,22.58,85.38
2022-10-17,24.58,24.35,89.94
2022-10-18,24.22,22.97,94.15
2022-10-19,4.18,23.62,88.64
2022-10-20,4.27,23.51,88.15
2022-10-21,12.67,23.41,91.54
2022-10-22,0.11,21.71,85.48
2022-10-23,0.0,19.49,78.91
2022-10-24,0.0,20.11,72.74
2022-10-25,0.0,20.36,69.13
2022-10-26,0.0,19.61,76.26
2022-10-27,0.0,19.58,77.22
2022-10-28,0.0,18.97,76.26
2022-10-29,0.0,18.69,75.13
2022-10-30,0.0,19.35,79.4
2022-10-31,0.0,19.68,81.59
2022-11-01,0.0,19.29,80.96
2022-11-02,0.0,20.25,81.07
2022-11-03,0.0,19.64,77.89
2022-11-04,0.0,19.59,76.32
2022-11-05,0.0,20.05,73.19
2022-11-06,0.0,19.97,70.24
2022-11-07,0.0,20.59,71.17
2022-11-08,0.0,21.02,75.39
2022-11-09,0.0,20.77,78.23
2022-11-10,0.0,19.48,79.63
2022-11-11,0.0,19.18,80.85
2022-11-12,0.0,19.91,83.8
2022-11-13,0.0,19.77,80.57
2022-11-14,0.0,20.54,81.42
2022-11-15,0.0,20.32,79.07
2022-11-16,0.0,18.85,78.71
2022-11-17,0.0,18.1,78.63
2022-11-18,0.0,17.87,78.57
2022-11-19,0.0,17.61,77.6
2022-11-20,0.0,16.08,74.98
2022-11-21,0.0,16.66,71.88
2022-11-22,0.0,19.07,77.79
2022-11-23,0.0,20.79,82.06
2022-11-24,0.0,21.16,80.64
2022-11-25,0.11,21.73,84.25
2022-11-26,0.07,21.63,83.86
2022-11-27,0.0,21.0,82.03
2022-11-28,0.0,21.17,79.48
2022-11-29,0.0,20.24,75.11
2022-11-30,0.0,19.25,76.38
2022-12-01,0.0,18.77,70.97
2022-12-02,0.0,19.54,70.78
2022-12-03,0.0,20.96,77.6
2022-12-04,0.0,22.29,82.96
2022-12-05,0.0,21.94,82.99
2022-12-06,0.0,20.75,77.83
2022-12-07,0.0,19.93,81.28
2022-12-08,0.0,17.82,76.08
2022-12-09,0.0,16.33,66.33
2022-12-10,0.0,18.31,71.23
2022-12-11,0.1,21.45,81.03
2022-12-12,0.02,22.08,85.37
2022-12-13,0.01,21.69,85.57
2022-12-14,0.51,22.19,84.31
2022-12-15,0.12,22.48,83.51
2022-12-16,0.01,22.8,80.57
2022-12-17,0.0,22.47,79.88
2022-12-18,0.0,21.5,78.64
2022-12-19,0.0,19.59,71.14
2022-12-20,0.0,19.34,66.45
2022-12-21,0.0,19.94,67.87
2022-12-22,0.0,20.15,66.06
2022-12-23,0.0,19.74,70.07
2022-12-24,0.0,19.25,62.81
2022-12-25,0.0,19.25,66.0
2022-12-26,0.0,19.79,74.78
2022-12-27,0.0,21.01,79.39
2022-12-28,0.0,21.35,69.39
2022-12-29,0.0,20.54,66.87
2022-12-30,0.0,20.21,63.87
2022-12-31,0.0,18.95,65.49
2023-01-01,0.0,18.44,64.42
2023-01-02,0.0,18.86,65.4
2023-01-03,0.0,18.71,66.97
2023-01-04,0.0,19.13,67.0
2023-01-05,0.0,20.01,76.19
2023-01-06,0.0,20.56,79.36
2023-01-07,0.0,20.07,77.07
2023-01-08,0.0,18.45,68.71
2023-01-09,0.0,17.48,54.17
2023-01-10,0.0,17.62,50.62
2023-01-11,0.0,18.18,52.59
2023-01-12,0.0,18.19,49.16
2023-01-13,0.0,16.48,68.05
2023-01-14,0.0,16.32,67.07
2023-01-15,0.0,17.33,62.33
2023-01-16,0.0,18.16,58.05
2023-01-17,0.0,18.45,57.32
2023-01-18,0.0,19.37,54.3
2023-01-19,0.0,19.93,56.03
2023-01-20,0.0,20.03,58.38
2023-01-21,0.0,18.7,67.36
2023-01-22,0.0,18.17,67.64
2023-01-23,0.0,17.96,63.98
2023-01-24,0.01,17.28,67.42
2023-01-25,0.06,18.0,69.26
2023-01-26,0.02,19.99,73.66
2023-01-27,0.0,21.99,63.71
2023-01-28,0.0,21.32,55.1
2023-01-29,0.0,20.65,75.7
2023-01-30,0.0,20.84,75.73
2023-01-31,0.0,20.95,64.69
2023-02-01,0.0,20.91,63.99
2023-02-02,0.0,20.78,59.23
2023-02-03,0.0,20.22,43.51
2023-02-04,0.0,20.69,42.78
2023-02-05,0.0,20.85,45.52
2023-02-06,0.0,20.99,42.14
2023-02-07,0.0,20.11,44.98
2023-02-08,0.0,21.57,41.86
2023-02-09,0.0,22.13,39.14
2023-02-10,0.0,22.34,37.87
2023-02-11,0.0,22.02,35.84
2023-02-12,0.0,21.96,35.5
2023-02-13,0.0,22.6,31.4
2023-02-14,0.0,22.45,27.88
2023-02-15,0.0,22.39,28.23
2023-02-16,0.0,23.09,28.85
2023-02-17,0.0,23.44,29.87
2023-02-18,0.0,23.55,29.51
2023-02-19,0.0,23.6,29.76
2023-02-20,0.0,23.54,31.7
2023-02-21,0.0,23.87,31.44
2023-02-22,0.0,23.39,34.06
2023-02-23,0.0,23.98,30.43
2023-02-24,0.0,24.15,26.83
2023-02-25,0.0,23.94,29.55
2023-02-26,0.0,23.96,30.25
2023-02-27,0.0,23.63,29.1
2023-02-28,0.0,24.1,33.61
2023-03-01,0.0,24.59,34.46
2023-03-02,0.0,25.53,34.85
2023-03-03,0.0,26.09,35.2
2023-03-04,0.0,26.54,37.73
2023-03-05,0.0,26.24,39.73
2023-03-06,0.21,26.24,39.31
2023-03-07,1.35,24.92,40.3
2023-03-08,0.03,25.53,37.95
2023-03-09,0.0,25.52,38.43
2023-03-10,0.0,25.11,35.85
2023-03-11,0.0,26.13,36.2
2023-03-12,0.0,27.23,35.34
2023-03-13,0.0,26.79,35.48
2023-03-14,0.0,27.25,37.07
2023-03-15,0.67,26.16,41.05
2023-03-16,2.29,25.0,51.48
2023-03-17,1.09,24.05,59.47
2023-03-18,0.35,24.0,55.44
2023-03-19,0.36,22.72,58.48
2023-03-20,0.76,22.02,64.67
2023-03-21,4.72,21.99,70.36
2023-03-22,0.01,22.61,63.48
2023-03-23,0.0,22.31,64.02
2023-03-24,0.0,23.69,61.25
2023-03-25,0.0,22.95,51.5
2023-03-26,0.0,22.87,48.55
2023-03-27,0.0,23.22,59.53
2023-03-28,0.0,24.1,57.19
2023-03-29,0.0,24.61,55.21
2023-03-30,0.0,23.88,60.25
2023-03-31,0.0,23.64,62.97
2023-04-01,0.0,24.54,46.02
2023-04-02,0.0,24.56,58.9
2023-04-03,0.0,24.71,56.37
2023-04-04,0.0,26.1,52.79
2023-04-05,0.0,27.48,42.46
2023-04-06,0.57,28.17,40.75
2023-04-07,1.34,28.38,38.98
2023-04-08,0.57,28.69,45.43
2023-04-09,2.07,28.72,48.68
2023-04-10,0.05,29.75,40.98
2023-04-11,0.01,30.25,38.64
2023-04-12,0.51,30.92,37.54
2023-04-13,0.03,30.57,35.98
2023-04-14,8.04,27.77,50.13
2023-04-15,0.85,27.84,52.14
2023-04-16,2.29,28.97,47.4
2023-04-17,0.0,28.92,42.42
2023-04-18,0.0,30.92,35.19
2023-04-19,0.01,31.13,32.41
2023-04-20,1.48,29.36,38.63
2023-04-21,0.29,27.44,44.96
2023-04-22,0.0,26.02,54.58
2023-04-23,0.0,26.78,54.39
2023-04-24,0.0,28.54,37.74
2023-04-25,0.0,29.07,30.2
2023-04-26,0.01,26.61,57.62
2023-04-27,0.18,27.79,54.1
2023-04-28,0.45,27.83,54.63
2023-04-29,2.55,27.21,57.0
2023-04-30,0.02,26.33,53.83
2023-05-01,0.01,26.09,50.56
2023-05-02,0.55,25.95,54.56
2023-05-03,0.58,26.48,61.26
2023-05-04,0.71,27.07,57.14
2023-05-05,0.01,27.61,55.5
2023-05-06,0.03,28.25,56.33
2023-05-07,1.9,27.46,62.64
2023-05-08,2.77,28.39,60.72
2023-05-09,3.08,28.74,61.47
2023-05-10,0.4,30.62,50.21
2023-05-11,0.0,31.06,41.03
2023-05-12,0.0,30.16,51.75
2023-05-13,0.0,29.93,53.63
2023-05-14,0.0,28.83,55.19
2023-05-15,0.0,28.19,59.39
2023-05-16,0.0,27.97,62.79
2023-05-17,0.0,29.27,56.33
2023-05-18,0.0,29.76,51.44
2023-05-19,0.0,30.02,48.77
2023-05-20,0.0,29.21,55.34
2023-05-21,0.01,29.54,55.83
2023-05-22,0.16,29.88,50.45
2023-05-23,0.0,30.15,45.39
2023-05-24,0.0,29.11,50.19
2023-05-25,0.11,28.09,57.16
2023-05-26,2.27,27.8,62.18
2023-05-27,0.02,27.69,60.52
2023-05-28,0.07,28.69,58.93
2023-05-29,2.03,29.93,55.51
2023-05-30,2.74,29.44,54.23
2023-05-31,0.34,29.99,52.77
2023-06-01,0.87,29.37,53.39
2023-06-02,2.21,27.79,61.51
2023-06-03,0.14,27.42,67.17
2023-06-04,3.36,27.17,71.49
2023-06-05,4.27,26.72,71.16
2023-06-06,0.02,28.06,66.89
2023-06-07,0.03,28.35,63.66
2023-06-08,1.46,28.66,65.23
2023-06-09,3.38,27.77,71.77
2023-06-10,2.2,27.48,72.54
2023-06-11,0.23,27.72,66.91
2023-06-12,2.47,27.56,66.93
2023-06-13,1.69,27.03,70.79
2023-06-14,6.14,26.8,73.39
2023-06-15,1.66,26.88,74.77
2023-06-16,1.37,27.15,74.93
2023-06-17,1.11,27.03,76.03
2023-06-18,0.37,27.06,74.77
2023-06-19,0.08,27.14,73.77
2023-06-20,0.08,27.53,72.79
2023-06-21,0.22,26.71,74.03
2023-06-22,0.9,27.15,71.15
2023-06-23,1.42,26.97,72.15
2023-06-24,39.91,25.51,82.1
2023-06-25,33.15,24.64,83.48
2023-06-26,46.52,23.89,87.72
2023-06-27,38.73,23.09,89.01
2023-06-28,26.72,23.58,89.34
2023-06-29,16.77,23.4,84.87
2023-06-30,64.8,23.86,90.17
2023-07-01,24.84,23.88,89.49
2023-07-02,19.11,24.88,88.04
2023-07-03,27.65,25.04,90.18
2023-07-04,20.32,24.71,90.8
2023-07-05,10.79,24.31,89.44
2023-07-06,30.37,23.93,91.56
2023-07-07,38.2,24.49,90.99
2023-07-08,17.81,24.4,88.16
2023-07-09,8.16,24.06,88.9
2023-07-10,4.56,24.3,87.83
2023-07-11,3.32,24.23,87.6
2023-07-12,4.58,23.94,88.52
2023-07-13,12.12,23.47,87.7
2023-07-14,16.84,24.22,87.95
2023-07-15,9.22,24.32,88.38
2023-07-16,15.26,24.1,91.65
2023-07-17,31.63,24.09,90.93
2023-07-18,82.44,24.05,92.17
2023-07-19,94.4,23.58,93.23
2023-07-20,45.73,23.03,94.27
2023-07-21,42.9,22.55,93.97
2023-07-22,40.17,23.09,94.9
2023-07-23,38.31,23.82,93.18
2023-07-24,47.54,23.95,93.14
2023-07-25,44.66,23.35,95.26
2023-07-26,64.93,23.42,95.31
2023-07-27,58.67,23.21,95.41
2023-07-28,34.73,23.54,92.99
2023-07-29,18.67,23.37,92.5
2023-07-30,15.89,23.57,92.6
2023-07-31,17.48,23.84,92.84
2023-08-01,16.68,23.73,92.73
2023-08-02,6.12,23.0,93.6
2023-08-03,5.94,23.14,92.0
2023-08-04,11.05,23.51,91.3
2023-08-05,7.09,23.25,91.76
2023-08-06,5.75,23.42,90.64
2023-08-07,3.11,23.24,90.78
2023-08-08,3.51,23.33,90.47
2023-08-09,4.99,23.4,91.19
2023-08-10,5.51,23.25,91.09
2023-08-11,3.03,23.45,89.71
2023-08-12,4.51,23.17,89.82
2023-08-13,6.16,22.7,91.33
2023-08-14,2.77,23.04,89.89
2023-08-15,2.98,23.03,89.34
2023-08-16,3.69,23.23,89.38
2023-08-17,4.11,23.31,89.4
2023-08-18,3.4,22.95,90.83
2023-08-19,8.48,23.31,90.65
2023-08-20,8.48,23.46,89.97
2023-08-21,3.92,23.17,89.41
2023-08-22,6.1,23.16,89.84
2023-08-23,3.85,23.13,90.59
2023-08-24,9.84,23.57,89.63
2023-08-25,14.53,23.97,90.66
2023-08-26,13.71,23.85,90.42
2023-08-27,12.2,23.91,89.33
2023-08-28,9.05,23.55,90.3
2023-08-29,1.65,23.57,89.27
2023-08-30,0.18,23.7,87.57
2023-08-31,1.37,24.28,86.84
2023-09-01,12.8,24.83,86.79
2023-09-02,17.73,23.57,92.04
2023-09-03,3.86,23.52,90.05
2023-09-04,2.43,23.34,89.37
2023-09-05,0.35,23.07,88.51
2023-09-06,3.73,23.38,89.93
2023-09-07,38.47,22.72,93.73
2023-09-08,46.07,23.22,95.5
2023-09-09,16.04,24.08,92.45
2023-09-10,7.67,24.14,90.93
2023-09-11,4.07,24.12,90.36
2023-09-12,1.52,23.35,90.58
2023-09-13,3.62,23.13,90.94
2023-09-14,3.62,23.06,90.16
2023-09-15,1.66,22.94,91.87
2023-09-16,4.85,23.38,92.9
2023-09-17,5.88,24.04,90.6
2023-09-18,12.01,24.18,90.26
2023-09-19,10.48,24.04,90.55
2023-09-20,14.18,24.22,90.98
2023-09-21,23.02,24.31,92.81
2023-09-22,15.92,23.78,91.81
2023-09-23,29.98,23.35,93.13
2023-09-24,7.92,22.91,91.3
2023-09-25,7.28,23.14,90.72
2023-09-26,22.38,23.86,91.74
2023-09-27,20.12,24.22,91.38
2023-09-28,16.02,24.5,90.11
2023-09-29,14.33,24.44,90.28
2023-09-30,12.5,24.56,89.1
2023-10-01,25.36,23.58,92.79
2023-10-02,8.84,22.42,92.18
2023-10-03,0.12,23.42,88.5
2023-10-04,0.0,23.49,87.99
2023-10-05,0.0,22.76,85.94
2023-10-06,0.0,23.27,85.22
2023-10-07,0.0,24.15,83.74
2023-10-08,0.0,24.25,81.92
2023-10-09,0.0,23.87,81.79
2023-10-10,0.0,23.44,83.26
2023-10-11,0.0,23.65,84.11
2023-10-12,0.0,24.12,78.77
2023-10-13,0.0,24.3,75.38
2023-10-14,0.0,23.97,74.33
2023-10-15,0.05,24.03,79.28
2023-10-16,0.07,24.23,77.45
2023-10-17,0.93,24.08,79.11
2023-10-18,0.15,23.74,80.47
2023-10-19,0.12,24.23,76.22
2023-10-20,0.12,24.07,79.17
2023-10-21,0.02,23.7,81.07
2023-10-22,0.0,23.43,79.57
2023-10-23,0.0,22.9,76.3
2023-10-24,0.0,22.74,78.05
2023-10-25,0.0,22.17,74.26
2023-10-26,0.0,21.09,69.38
2023-10-27,0.0,20.73,66.73
2023-10-28,0.0,20.85,69.58
2023-10-29,0.0,21.17,69.04
2023-10-30,0.0,20.9,70.19
2023-10-31,0.0,20.65,72.45
2023-11-01,0.0,20.65,75.65
2023-11-02,0.0,21.21,74.68
2023-11-03,0.0,21.6,73.67
2023-11-04,0.0,22.46,71.42
2023-11-05,0.0,22.63,78.89
2023-11-06,0.0,21.73,76.0
2023-11-07,0.01,22.87,81.69
2023-11-08,3.55,22.95,86.06
2023-11-09,0.52,23.44,86.53
2023-11-10,13.34,22.67,89.82
2023-11-11,2.8,22.69,80.57
2023-11-12,0.0,22.24,72.84
2023-11-13,0.0,21.93,74.19
2023-11-14,0.0,21.25,75.72
2023-11-15,0.0,20.84,72.93
2023-11-16,0.0,20.07,70.86
2023-11-17,0.0,20.22,68.44
2023-11-18,0.0,20.79,71.94
2023-11-19,0.0,22.56,74.01
2023-11-20,0.0,22.56,74.84
2023-11-21,0.0,21.07,71.41
2023-11-22,0.0,20.1,69.44
2023-11-23,0.0,21.03,72.41
2023-11-24,0.0,22.65,77.27
2023-11-25,3.33,22.9,79.77
2023-11-26,6.34,22.73,85.69
2023-11-27,3.32,22.57,87.18
2023-11-28,0.27,22.12,86.2
2023-11-29,0.2,21.56,86.76
2023-11-30,1.38,21.59,85.93
2023-12-01,0.75,21.32,84.23
2023-12-02,0.29,22.08,78.37
2023-12-03,0.0,22.92,73.09
2023-12-04,0.0,22.78,77.09
2023-12-05,0.01,21.68,75.98
2023-12-06,0.01,20.9,79.05
2023-12-07,0.0,20.99,78.64
2023-12-08,0.0,20.89,76.04
2023-12-09,0.0,20.99,75.25
2023-12-10,0.0,20.89,75.86
2023-12-11,0.0,20.33,74.77
2023-12-12,0.0,20.15,74.54
2023-12-13,0.0,20.27,72.25
2023-12-14,0.0,19.62,70.31
2023-12-15,0.0,18.83,67.53
2023-12-16,0.0,18.46,70.29
2023-12-17,0.0,19.9,75.69
2023-12-18,0.0,19.76,71.2
2023-12-19,0.0,18.5,66.47
2023-12-20,0.0,18.42,58.88
2023-12-21,0.0,18.52,58.77
2023-12-22,0.0,20.2,55.08
2023-12-23,0.0,20.71,53.41
2023-12-24,0.0,20.0,59.99
2023-12-25,0.0,20.57,55.2
2023-12-26,0.0,20.08,58.01
2023-12-27,0.0,19.84,62.16
2023-12-28,0.0,20.38,61.0
2023-12-29,0.0,20.76,60.67
2023-12-30,0.0,21.2,61.43
2023-12-31,0.0,21.15,58.41
2024-01-01,0.0,20.83,62.72
2024-01-02,0.0,20.28,66.23
2024-01-03,0.0,20.01,70.21
2024-01-04,0.0,19.78,65.84
2024-01-05,0.0,18.91,62.72
2024-01-06,0.0,20.03,66.01
2024-01-07,0.0,21.36,67.35
2024-01-08,0.01,22.38,59.48
2024-01-09,2.44,20.72,70.37
2024-01-10,0.37,21.51,68.86
2024-01-11,0.04,22.37,67.12
2024-01-12,0.0,22.29,59.5
2024-01-13,0.0,21.63,63.24
2024-01-14,0.0,20.37,59.77
2024-01-15,0.0,18.74,54.13
2024-01-16,0.0,18.43,52.72
2024-01-17,0.0,19.04,61.35
2024-01-18,0.0,18.3,69.71
2024-01-19,0.0,19.14,60.25
2024-01-20,0.0,19.26,69.02
2024-01-21,0.0,19.44,57.99
2024-01-22,0.0,19.54,56.6
2024-01-23,0.0,17.94,49.2
2024-01-24,0.0,18.21,43.64
2024-01-25,0.0,19.06,36.35
2024-01-26,0.0,19.86,41.66
2024-01-27,0.0,21.6,44.82
2024-01-28,0.0,21.35,47.52
2024-01-29,0.0,21.26,48.8
2024-01-30,0.0,20.55,49.7
2024-01-31,0.0,20.79,55.24
2024-02-01,0.0,19.39,63.7
2024-02-02,0.0,20.01,60.52
2024-02-03,0.0,22.11,46.8
2024-02-04,0.0,23.45,50.26
2024-02-05,0.0,23.43,51.44
2024-02-06,0.0,23.51,50.16
2024-02-07,0.0,23.37,49.11
2024-02-08,0.0,22.81,43.51
2024-02-09,0.0,22.35,43.21
2024-02-10,0.0,21.88,44.13
2024-02-11,0.0,22.02,40.84
2024-02-12,0.0,22.42,43.73
2024-02-13,0.0,22.19,43.44
2024-02-14,0.0,22.35,39.1
2024-02-15,0.0,23.89,41.34
2024-02-16,0.0,25.63,40.89
2024-02-17,0.0,24.42,38.5
2024-02-18,0.0,24.09,45.77
2024-02-19,0.0,24.24,37.7
2024-02-20,0.0,22.9,45.68
2024-02-21,0.0,21.61,61.83
2024-02-22,0.0,21.31,63.81
2024-02-23,0.0,20.56,55.69
2024-02-24,0.0,21.28,33.95
2024-02-25,0.0,21.87,28.81
2024-02-26,0.0,25.05,43.15
2024-02-27,0.28,26.21,45.73
2024-02-28,0.07,27.09,45.75
2024-02-29,0.02,28.26,42.02
2024-03-01,0.49,27.89,45.76
2024-03-02,0.04,25.18,57.25
2024-03-03,0.0,22.41,68.96
2024-03-04,0.0,20.78,51.19
2024-03-05,0.0,22.65,36.71
2024-03-06,0.0,23.17,32.21
2024-03-07,0.0,24.13,28.66
2024-03-08,0.0,25.04,32.57
2024-03-09,0.0,25.43,31.08
2024-03-10,0.0,25.74,29.64
2024-03-11,0.0,26.25,30.08
2024-03-12,0.0,26.59,35.5
2024-03-13,0.0,25.24,43.13
2024-03-14,0.0,24.36,45.7
2024-03-15,0.0,24.02,42.63
2024-03-16,0.0,24.35,43.26
2024-03-17,0.0,25.65,38.36
2024-03-18,0.0,25.28,37.38
2024-03-19,0.0,25.15,43.79
2024-03-20,0.0,26.35,22.58
2024-03-21,0.0,26.84,26.25
2024-03-22,0.0,27.95,28.03
2024-03-23,0.0,27.5,30.8
2024-03-24,0.0,28.22,36.98
2024-03-25,0.0,28.7,37.5
2024-03-26,0.0,29.46,36.41
2024-03-27,0.0,29.85,43.5
2024-03-28,0.02,29.89,44.52
2024-03-29,0.26,30.23,44.38
2024-03-30,0.01,29.79,44.54
2024-03-31,0.0,30.43,35.27
2024-04-01,0.0,30.45,29.79
2024-04-02,0.0,29.23,33.77
2024-04-03,0.0,29.02,37.36
2024-04-04,0.0,29.36,33.98
2024-04-05,0.0,30.01,33.28
2024-04-06,0.0,29.71,32.01
2024-04-07,0.0,29.02,32.41
2024-04-08,0.0,29.15,33.13
2024-04-09,0.0,29.33,41.26
2024-04-10,0.0,29.88,35.89
2024-04-11,0.0,29.31,32.02
2024-04-12,0.0,29.36,33.48
2024-04-13,0.01,28.74,42.13
2024-04-14,0.0,29.11,48.23
2024-04-15,0.0,31.78,45.48
2024-04-16,0.0,33.42,33.59
2024-04-17,0.0,32.85,33.09
2024-04-18,0.0,31.09,41.95
2024-04-19,0.0,31.25,44.71
2024-04-20,3.59,30.35,49.47
2024-04-21,0.43,29.82,46.12
2024-04-22,0.02,29.42,47.51
2024-04-23,0.07,29.76,44.45
2024-04-24,1.45,30.85,43.0
2024-04-25,0.38,31.25,44.08
2024-04-26,0.05,31.16,46.09
2024-04-27,0.0,32.71,38.64
2024-04-28,0.0,33.57,34.09
2024-04-29,0.0,33.2,33.06
2024-04-30,0.0,32.59,29.48
2024-05-01,0.0,30.06,39.61
2024-05-02,0.0,29.46,39.68
2024-05-03,0.0,28.81,43.51
2024-05-04,0.0,29.26,46.03
2024-05-05,0.0,30.12,50.84
2024-05-06,0.01,29.41,54.91
2024-05-07,0.0,29.45,57.19
2024-05-08,0.02,29.83,52.14
2024-05-09,0.04,29.75,53.14
2024-05-10,6.57,29.79,55.23
2024-05-11,17.09,29.3,59.81
2024-05-12,2.36,28.79,64.55
2024-05-13,3.47,29.67,59.12
2024-05-14,5.88,29.3,60.64
2024-05-15,6.22,29.13,60.96
2024-05-16,2.21,29.79,60.93
2024-05-17,1.54,29.6,60.16
2024-05-18,1.71,29.94,58.66
2024-05-19,2.47,30.32,58.79
2024-05-20,5.15,29.63,64.35
2024-05-21,3.14,30.15,61.16
2024-05-22,0.97,31.03,61.64
2024-05-23,2.46,31.02,59.53
2024-05-24,0.13,29.5,62.49
2024-05-25,0.02,28.28,65.41
2024-05-26,0.03,28.39,66.24
2024-05-27,0.0,28.46,66.74
2024-05-28,0.0,28.66,67.88
2024-05-29,0.01,28.68,70.62
2024-05-30,0.01,29.26,67.49
2024-05-31,0.03,29.38,64.0
2024-06-01,0.05,29.58,63.36
2024-06-02,0.22,29.56,61.28
2024-06-03,8.28,27.89,72.9
2024-06-04,13.79,27.36,76.87
2024-06-05,13.24,27.14,77.68
2024-06-06,10.72,27.64,75.54
2024-06-07,5.37,27.14,76.72
2024-06-08,36.55,26.57,79.05
2024-06-09,43.36,25.15,88.47
2024-06-10,14.18,24.81,84.83
2024-06-11,8.31,24.92,81.66
2024-06-12,7.56,25.0,84.35
2024-06-13,11.46,25.5,81.12
2024-06-14,8.72,25.19,85.85
2024-06-15,2.35,25.92,82.33
2024-06-16,2.17,26.06,81.04
2024-06-17,2.64,25.58,82.74
2024-06-18,9.39,25.33,81.85
2024-06-19,12.99,24.77,86.39
2024-06-20,24.04,25.44,87.64
2024-06-21,12.67,25.91,86.95
2024-06-22,9.58,26.47,84.33
2024-06-23,10.92,25.06,87.1
2024-06-24,6.47,25.37,81.43
2024-06-25,13.0,24.82,88.93
2024-06-26,18.78,25.29,91.01
2024-06-27,18.9,24.33,87.58
2024-06-28,28.34,23.7,91.4
2024-06-29,15.14,25.29,87.39
2024-06-30,15.81,25.12,88.39
2024-07-01,20.81,25.54,86.75
2024-07-02,26.42,25.44,88.42
2024-07-03,6.51,25.53,86.14
2024-07-04,7.6,25.24,87.55
2024-07-05,12.41,25.51,86.83
2024-07-06,24.73,25.29,88.57
2024-07-07,33.72,25.08,90.62
2024-07-08,34.67,24.86,91.27
2024-07-09,21.69,23.46,89.29
2024-07-10,8.71,23.52,88.07
2024-07-11,4.32,24.31,87.84
2024-07-12,48.07,24.46,90.49
2024-07-13,64.9,24.26,93.89
2024-07-14,47.45,24.45,93.58
2024-07-15,18.6,23.75,90.56
2024-07-16,6.98,22.85,89.92
2024-07-17,21.26,24.03,91.98
2024-07-18,31.23,24.16,93.08
2024-07-19,30.94,24.1,92.52
2024-07-20,42.66,23.85,95.11
2024-07-21,53.32,24.14,94.38
2024-07-22,49.7,23.5,95.11
2024-07-23,67.95,23.7,95.38
2024-07-24,82.6,23.53,95.59
2024-07-25,125.97,22.8,94.87
2024-07-26,32.11,23.42,93.56
2024-07-27,16.61,23.58,93.84
2024-07-28,21.94,23.18,95.18
2024-07-29,33.27,23.83,93.5
2024-07-30,33.79,24.14,92.48
2024-07-31,19.25,24.43,92.79
2024-08-01,26.05,24.11,93.98
2024-08-02,28.65,23.55,94.82
2024-08-03,61.46,23.25,95.22
2024-08-04,38.81,23.29,95.41
2024-08-05,17.23,23.56,93.16
2024-08-06,11.41,23.6,92.25
2024-08-07,8.94,23.68,92.04
2024-08-08,7.59,23.82,91.2
2024-08-09,9.15,24.0,91.09
2024-08-10,9.13,23.88,91.64
2024-08-11,7.13,23.74,91.87
2024-08-12,2.95,24.08,90.96
2024-08-13,1.45,24.47,90.18
2024-08-14,0.16,24.59,89.24
2024-08-15,1.03,24.56,89.94
2024-08-16,2.21,24.52,90.22
2024-08-17,25.82,24.88,87.93
2024-08-18,91.08,25.2,90.74
2024-08-19,21.86,25.24,90.68
2024-08-20,9.79,25.04,90.83
2024-08-21,2.53,24.83,89.57
2024-08-22,5.15,25.53,88.54
2024-08-23,19.69,24.73,91.4
2024-08-24,56.66,23.63,95.26
2024-08-25,37.34,23.26,94.44
2024-08-26,32.96,23.79,94.64
2024-08-27,21.23,23.81,92.69
2024-08-28,14.03,23.55,93.22
2024-08-29,5.32,23.85,92.34
2024-08-30,5.95,23.82,92.11
2024-08-31,3.49,23.52,92.74
2024-09-01,3.92,23.28,93.89
2024-09-02,15.01,21.84,94.33
2024-09-03,11.51,22.16,94.64
2024-09-04,21.15,24.03,92.64
2024-09-05,23.09,23.93,93.15
2024-09-06,11.11,23.92,91.92
2024-09-07,11.12,23.66,91.99
2024-09-08,5.1,23.74,92.15
2024-09-09,7.51,24.09,91.36
2024-09-10,7.52,23.47,92.11
2024-09-11,8.58,23.32,91.21
2024-09-12,5.07,23.15,91.38
2024-09-13,1.71,22.5,91.58
2024-09-14,6.72,22.81,90.74
2024-09-15,8.73,22.99,90.23
2024-09-16,2.06,22.21,89.59
2024-09-17,1.39,22.09,89.74
2024-09-18,0.37,22.05,87.24
2024-09-19,0.01,22.54,86.22
2024-09-20,0.68,23.34,87.37
2024-09-21,4.05,23.89,90.1
2024-09-22,9.86,24.4,90.08
2024-09-23,15.16,24.71,91.4
2024-09-24,25.2,24.15,95.37
2024-09-25,100.15,23.77,96.3
2024-09-26,51.88,23.77,94.82
2024-09-27,28.71,23.24,94.27
2024-09-28,6.87,23.2,92.44
2024-09-29,1.3,23.47,91.41
2024-09-30,0.48,24.53,85.15
2024-10-01,2.06,25.31,86.5
2024-10-02,4.84,25.54,88.83
2024-10-03,0.4,24.51,90.25
2024-10-04,0.08,23.74,89.81
2024-10-05,0.01,23.61,87.55
2024-10-06,4.91,24.01,86.84
2024-10-07,0.13,24.04,84.64
2024-10-08,1.93,23.94,86.37
2024-10-09,4.01,23.26,89.96
2024-10-10,16.72,23.73,90.03
2024-10-11,12.44,24.3,89.18
2024-10-12,0.63,24.84,88.64
2024-10-13,13.13,25.07,87.1
2024-10-14,4.08,24.73,86.74
2024-10-15,11.05,24.92,88.38
2024-10-16,8.67,24.65,88.43
2024-10-17,2.18,24.32,89.48
2024-10-18,3.51,24.27,89.17
2024-10-19,5.57,24.29,90.76
2024-10-20,13.89,23.57,86.87
2024-10-21,1.24,23.54,83.91
2024-10-22,4.49,24.44,84.81
2024-10-23,1.91,24.11,86.23
2024-10-24,0.0,23.43,81.69
2024-10-25,0.0,22.29,77.24
2024-10-26,0.0,21.89,80.55
2024-10-27,0.0,22.01,80.11
2024-10-28,0.0,22.71,82.35
2024-10-29,0.89,22.64,80.67
2024-10-30,0.31,23.02,77.42
2024-10-31,0.07,23.28,81.2
2024-11-01,0.22,22.89,79.99
2024-11-02,0.0,22.0,75.39
2024-11-03,0.0,21.29,76.94
2024-11-04,0.0,21.4,78.44
2024-11-05,0.0,21.42,76.49
2024-11-06,0.0,21.3,78.45
2024-11-07,0.0,21.04,80.33
2024-11-08,0.0,20.94,80.28
2024-11-09,0.0,20.68,76.94
2024-11-10,0.0,20.72,80.51
2024-11-11,0.0,20.17,79.02
2024-11-12,0.0,19.66,78.55
2024-11-13,0.0,20.34,80.4
2024-11-14,0.01,21.81,83.32
2024-11-15,2.59,21.0,90.32
2024-11-16,0.94,22.68,80.3
2024-11-17,0.0,21.16,79.14
2024-11-18,0.0,18.85,72.43
2024-11-19,0.0,18.15,76.82
2024-11-20,0.0,18.09,76.09
2024-11-21,0.0,18.33,74.16
2024-11-22,0.0,18.59,74.54
2024-11-23,0.0,19.09,73.01
2024-11-24,0.0,18.56,76.39
2024-11-25,0.0,17.81,75.75
2024-11-26,0.0,17.29,75.7
2024-11-27,0.0,17.08,73.36
2024-11-28,0.0,16.86,72.96
2024-11-29,0.0,16.63,68.85
2024-11-30,0.0,18.5,73.19
2024-12-01,0.0,21.11,85.14
2024-12-02,0.0,22.41,85.93
2024-12-03,0.14,23.21,85.17
2024-12-04,0.42,23.79,84.78
2024-12-05,0.46,23.6,83.41
2024-12-06,0.05,23.17,83.73
2024-12-07,0.0,22.03,80.67
2024-12-08,0.0,20.13,68.78
2024-12-09,0.0,17.66,63.71
2024-12-10,0.0,18.0,62.86
2024-12-11,0.0,19.03,71.53
2024-12-12,0.0,18.24,67.69
2024-12-13,0.0,17.44,67.21
2024-12-14,0.0,17.02,66.06
2024-12-15,0.0,17.41,61.52
2024-12-16,0.0,16.96,52.08
2024-12-17,0.0,17.16,56.32
2024-12-18,0.0,18.13,52.31
2024-12-19,0.0,18.88,63.84
2024-12-20,0.0,19.44,74.28
2024-12-21,0.0,19.32,85.51
2024-12-22,0.0,19.88,86.97
2024-12-23,0.0,19.95,86.94
2024-12-24,0.0,19.82,84.46
2024-12-25,0.0,20.21,78.36
2024-12-26,0.0,20.68,79.04
2024-12-27,0.01,20.93,86.28
2024-12-28,1.12,21.86,84.0
2024-12-29,0.28,21.2,79.04
2024-12-30,0.0,21.06,71.68
2024-12-31,0.0,20.79,69.96
2025-01-01,0.0,20.53,70.32
2025-01-02,0.0,19.68,62.82
2025-01-03,0.0,18.57,51.44
2025-01-04,0.0,19.91,44.31
2025-01-05,0.0,19.77,53.53
2025-01-06,0.0,19.59,62.17
2025-01-07,0.0,18.51,62.51
2025-01-08,0.0,18.04,60.86
2025-01-09,0.0,17.73,53.48
2025-01-10,0.0,19.05,62.09
2025-01-11,0.0,19.07,72.28
2025-01-12,0.0,19.18,72.08
2025-01-13,0.0,19.99,70.98
2025-01-14,0.0,21.12,66.11
2025-01-15,0.0,21.57,73.47
2025-01-16,0.0,21.43,73.33
2025-01-17,0.0,20.57,61.5
2025-01-18,0.0,19.82,58.6
2025-01-19,0.0,20.14,58.4
2025-01-20,0.0,20.41,53.44
2025-01-21,0.0,20.35,48.78
2025-01-22,0.0,20.63,51.0
2025-01-23,0.0,20.84,56.9
2025-01-24,0.0,22.35,56.26
2025-01-25,0.0,22.88,54.32
2025-01-26,0.0,22.91,49.5
2025-01-27,0.0,22.75,50.86
2025-01-28,0.0,23.06,49.73
2025-01-29,0.0,23.04,49.27
2025-01-30,0.0,21.95,52.84
2025-01-31,0.0,21.73,51.13
2025-02-01,0.0,21.37,53.34
2025-02-02,0.0,22.28,51.46
2025-02-03,0.0,22.85,53.93
2025-02-04,0.0,22.02,52.28
2025-02-05,0.0,21.81,52.65
2025-02-06,0.0,23.42,47.52
2025-02-07,0.0,23.85,49.81
2025-02-08,0.0,24.19,49.76
2025-02-09,0.0,24.46,51.03
2025-02-10,0.0,23.85,50.96
2025-02-11,0.0,23.29,45.61
2025-02-12,0.0,23.28,39.58
2025-02-13,0.0,23.48,34.85
2025-02-14,0.0,23.42,35.83
2025-02-15,0.0,23.66,35.12
2025-02-16,0.0,23.43,34.76
2025-02-17,0.0,23.9,38.47
2025-02-18,0.0,24.16,38.87
2025-02-19,0.0,23.88,41.93
2025-02-20,0.0,24.11,38.96
2025-02-21,0.0,24.77,34.49
2025-02-22,0.0,25.09,34.4
2025-02-23,0.0,24.82,34.36
2025-02-24,0.0,24.82,31.75
2025-02-25,0.0,25.14,31.79
2025-02-26,0.0,25.23,37.2
2025-02-27,0.0,25.67,34.83
2025-02-28,0.0,25.68,38.3
2025-03-01,0.0,26.1,40.35
2025-03-02,0.0,26.26,36.42
2025-03-03,0.0,26.45,34.42
2025-03-04,0.0,26.46,32.53
2025-03-05,0.0,25.44,24.48
2025-03-06,0.0,24.75,17.97
2025-03-07,0.0,24.94,21.06
2025-03-08,0.0,25.9,27.98
2025-03-09,0.0,26.77,29.54
2025-03-10,0.0,27.7,30.42
2025-03-11,0.0,28.09,32.67
2025-03-12,0.0,27.97,34.77
2025-03-13,0.0,28.38,36.33
2025-03-14,0.0,28.19,32.19
2025-03-15,0.0,28.39,30.78
2025-03-16,0.0,28.38,32.46
2025-03-17,0.0,27.83,30.47
2025-03-18,0.0,28.12,30.1
2025-03-19,0.0,27.17,37.59
2025-03-20,0.0,27.37,29.5
2025-03-21,0.0,25.6,33.97
2025-03-22,0.0,25.85,38.59
2025-03-23,0.0,27.46,37.03
2025-03-24,0.0,28.01,31.34
2025-03-25,0.0,28.5,28.12
2025-03-26,0.0,27.74,41.04
2025-03-27,0.0,25.95,48.55
2025-03-28,0.0,27.88,35.25
2025-03-29,0.0,29.64,23.9
2025-03-30,0.0,29.89,25.76
2025-03-31,0.0,30.25,30.05
2025-04-01,0.56,30.37,32.56
2025-04-02,0.39,30.48,37.44
2025-04-03,4.31,28.8,50.06
2025-04-04,2.25,27.94,51.98
2025-04-05,1.26,28.44,37.73
2025-04-06,0.0,28.95,31.79
2025-04-07,0.0,30.31,25.08
2025-04-08,0.0,30.98,22.63
2025-04-09,0.0,30.81,27.81
2025-04-10,0.0,29.1,48.95
2025-04-11,0.0,27.46,52.05
2025-04-12,0.0,27.05,49.49
2025-04-13,0.0,29.07,37.96
2025-04-14,0.0,29.6,36.44
2025-04-15,0.0,29.42,35.8
2025-04-16,0.0,29.18,48.13
2025-04-17,0.0,29.34,52.76
2025-04-18,0.0,29.69,51.44
2025-04-19,0.0,29.4,47.66
2025-04-20,0.0,29.49,40.59
2025-04-21,0.0,29.82,44.22
2025-04-22,0.01,31.28,33.66
2025-04-23,0.02,31.42,35.26
2025-04-24,0.01,30.6,40.2
2025-04-25,0.0,30.49,37.58
2025-04-26,0.0,30.58,35.81
2025-04-27,0.0,30.53,35.59
2025-04-28,0.01,30.61,41.94
2025-04-29,0.0,30.25,42.28
2025-04-30,0.0,30.17,41.74
2025-05-01,0.0,30.67,38.39
2025-05-02,0.0,30.31,39.84
2025-05-03,0.0,29.23,41.54
2025-05-04,0.0,27.01,52.78
2025-05-05,0.0,28.07,54.67
2025-05-06,0.71,26.27,58.63
2025-05-07,4.5,25.22,66.34
2025-05-08,8.88,24.34,77.84
2025-05-09,7.86,25.58,74.48
2025-05-10,1.84,27.13,63.6
2025-05-11,0.97,27.72,61.16
2025-05-12,2.74,28.06,62.84
2025-05-13,11.94,27.74,68.58
2025-05-14,8.37,27.47,70.33
2025-05-15,2.29,27.72,70.45
2025-05-16,7.11,27.07,75.04
2025-05-17,2.78,27.07,74.47
2025-05-18,2.89,26.43,79.39
2025-05-19,13.8,26.3,82.44
2025-05-20,32.16,27.2,81.14
2025-05-21,18.35,26.66,82.14
2025-05-22,24.61,25.48,86.45
2025-05-23,20.13,24.64,83.56
2025-05-24,34.22,24.57,82.29
2025-05-25,62.15,23.98,90.81
2025-05-26,75.58,24.5,90.15
2025-05-27,31.51,24.27,92.14
2025-05-28,9.42,24.91,87.38
2025-05-29,9.5,25.43,88.28
2025-05-30,0.64,25.85,84.4
2025-05-31,1.78,25.52,84.04
2025-06-01,5.88,25.49,84.14
2025-06-02,3.53,25.25,85.32
2025-06-03,6.5,25.01,85.19
2025-06-04,5.06,24.66,84.24
2025-06-05,3.27,24.74,82.6
2025-06-06,12.28,25.43,82.88
2025-06-07,12.15,24.34,87.91
2025-06-08,0.34,25.18,83.92
2025-06-09,0.32,25.57,83.63
2025-06-10,0.09,25.36,82.41
2025-06-11,4.42,25.23,86.32
2025-06-12,18.5,24.98,91.97
2025-06-13,28.77,25.16,90.14
2025-06-14,21.89,25.89,88.55
2025-06-15,27.97,24.81,89.99
2025-06-16,58.18,24.5,92.26
2025-06-17,17.85,25.1,87.3
2025-06-18,56.87,25.14,89.67
2025-06-19,55.84,24.32,93.12
2025-06-20,15.68,24.81,89.64
2025-06-21,8.56,24.71,89.05
2025-06-22,7.49,24.56,89.02
2025-06-23,24.51,24.53,89.27
2025-06-24,17.19,24.38,89.56
2025-06-25,7.5,24.58,89.3
2025-06-26,10.94,24.29,90.56
2025-06-27,13.96,24.22,90.17
2025-06-28,8.29,24.15,88.79
2025-06-29,10.78,23.56,92.38
2025-06-30,14.41,24.08,91.56
2025-07-01,15.54,24.07,90.9
2025-07-02,26.62,23.72,92.89
2025-07-03,24.92,24.02,91.01
2025-07-04,17.47,24.11,90.94
2025-07-05,28.82,23.82,92.92
2025-07-06,21.56,23.45,92.31
2025-07-07,12.65,23.4,92.18
2025-07-08,6.2,23.22,93.26
2025-07-09,14.93,23.57,91.87
2025-07-10,8.14,23.84,91.52
2025-07-11,10.48,23.94,90.49
2025-07-12,8.24,23.81,91.05
2025-07-13,9.1,23.96,90.29
2025-07-14,24.9,24.2,90.83
2025-07-15,31.06,24.24,90.95
2025-07-16,8.21,24.44,90.16
2025-07-17,2.39,24.24,90.19
2025-07-18,2.63,24.08,89.04
2025-07-19,5.41,23.88,89.86
2025-07-20,13.35,24.19,90.04
2025-07-21,23.5,24.21,91.04
2025-07-22,22.44,23.99,91.14
2025-07-23,35.04,23.68,92.85
2025-07-24,31.91,23.94,92.4
2025-07-25,50.98,23.79,94.28
2025-07-26,41.35,23.05,95.27
2025-07-27,24.51,23.2,92.71
2025-07-28,13.56,23.12,92.0
2025-07-29,11.38,22.68,93.07
2025-07-30,7.6,22.85,92.86
2025-07-31,6.16,23.43,91.2
2025-08-01,4.22,23.52,90.54
2025-08-02,6.78,23.37,90.82
2025-08-03,3.97,23.86,89.61
2025-08-04,1.61,23.86,89.66
2025-08-05,3.32,23.62,90.69
2025-08-06,2.82,23.85,89.57
2025-08-07,2.48,23.78,91.45
2025-08-08,5.9,23.85,89.55
2025-08-09,7.14,23.42,88.97
2025-08-10,7.22,23.16,89.01
2025-08-11,8.19,22.94,91.27
2025-08-12,4.56,22.97,90.09
2025-08-13,13.99,23.29,91.32
2025-08-14,15.12,23.07,91.93
2025-08-15,35.45,23.09,93.22
2025-08-16,42.9,23.06,92.98
2025-08-17,38.57,23.45,94.36
2025-08-18,68.26,22.66,95.63
2025-08-19,102.06,22.67,95.88
2025-08-20,52.99,22.49,94.78
2025-08-21,7.93,22.91,92.98
2025-08-22,6.66,22.98,92.18
2025-08-23,7.57,22.75,91.74
2025-08-24,7.9,22.58,91.01
2025-08-25,18.87,22.59,92.43
2025-08-26,12.64,22.97,92.91
2025-08-27,17.65,22.77,94.31
2025-08-28,13.36,23.34,93.57
2025-08-29,17.78,23.48,91.75
2025-08-30,8.16,23.88,91.51
2025-08-31,10.62,23.66,91.75
2025-09-01,11.74,23.17,92.57
2025-09-02,8.31,23.38,92.13
2025-09-03,7.05,23.34,91.81
2025-09-04,5.78,22.77,92.0
2025-09-05,19.42,23.14,91.6
2025-09-06,14.42,22.51,93.79
2025-09-07,11.83,22.89,91.63
2025-09-08,2.27,22.83,91.43
2025-09-09,0.12,23.12,89.56
2025-09-10,0.4,23.41,88.42
2025-09-11,0.41,23.09,89.19
2025-09-12,5.59,22.93,89.18
2025-09-13,19.96,23.02,91.71
2025-09-14,30.63,23.95,90.95
2025-09-15,57.41,23.16,95.22
2025-09-16,15.14,22.96,93.67
2025-09-17,4.9,23.75,90.9
2025-09-18,35.0,23.87,92.29
2025-09-19,23.05,23.01,94.22
2025-09-20,9.46,23.3,92.12
2025-09-21,9.44,23.64,91.81
2025-09-22,19.08,23.12,93.25
2025-09-23,15.85,22.01,91.49
2025-09-24,1.66,22.48,90.96
2025-09-25,2.19,22.41,91.0
2025-09-26,11.68,22.27,92.69
2025-09-27,43.17,23.01,94.72
2025-09-28,53.74,22.66,96.42
2025-09-29,14.82,21.64,93.57
2025-09-30,6.93,21.98,92.64
2025-10-01,6.49,22.59,91.87
2025-10-02,6.77,22.63,91.97
2025-10-03,2.19,23.09,90.85
2025-10-04,2.68,23.22,89.98
2025-10-05,2.22,22.92,90.62
2025-10-06,1.6,22.14,90.81
2025-10-07,3.26,22.66,90.07
2025-10-08,2.08,23.33,87.05
2025-10-09,2.7,22.73,84.13
2025-10-10,0.0,22.55,80.78
2025-10-11,0.0,22.29,79.33
2025-10-12,0.0,21.56,78.07
2025-10-13,0.0,21.29,76.39
2025-10-14,0.0,21.19,76.42
2025-10-15,1.64,22.77,83.17
2025-10-16,1.02,24.14,85.82
2025-10-17,0.67,23.53,83.1
2025-10-18,0.0,23.16,80.25
2025-10-19,0.0,22.87,82.22
2025-10-20,0.01,22.35,81.69
2025-10-21,5.33,23.3,84.08
2025-10-22,2.06,23.88,85.58
2025-10-23,8.22,23.6,85.05
2025-10-24,6.63,23.81,88.14
2025-10-25,6.51,23.15,88.76
2025-10-26,22.77,23.09,87.54
2025-10-27,9.95,23.18,90.11
2025-10-28,1.94,23.47,86.14
2025-10-29,7.84,23.35,90.59
2025-10-30,10.66,23.07,90.46
2025-10-31,6.7,22.31,90.81
2025-11-01,7.19,22.67,91.64
2025-11-02,6.43,22.59,91.56
2025-11-03,2.91,22.46,90.75
2025-11-04,0.77,21.9,90.54
2025-11-05,0.08,20.89,83.91
2025-11-06,0.06,20.72,84.58
2025-11-07,0.01,20.41,77.92
2025-11-08,0.0,18.89,67.33
2025-11-09,0.0,18.52,68.73
2025-11-10,0.0,18.4,66.25
2025-11-11,0.0,18.27,68.25
2025-11-12,0.0,17.75,73.01
2025-11-13,0.0,17.7,72.2
2025-11-14,0.0,17.15,72.2
2025-11-15,0.0,16.52,71.06
2025-11-16,0.0,16.56,73.45
2025-11-17,0.0,16.24,72.96
2025-11-18,0.0,15.97,71.55
2025-11-19,0.0,16.95,72.16
2025-11-20,0.0,16.67,72.61
2025-11-21,0.0,18.77,75.48
2025-11-22,0.0,20.51,77.42
2025-11-23,0.0,21.4,73.59
2025-11-24,0.0,20.97,79.47
2025-11-25,0.0,20.55,74.08
2025-11-26,0.0,19.77,76.72
2025-11-27,0.0,20.0,79.03
2025-11-28,0.0,19.72,81.49
2025-11-29,0.0,17.94,71.79
2025-11-30,0.0,17.64,75.72
2025-12-01,0.0,18.61,76.37
2025-12-02,0.0,18.62,73.09
2025-12-03,0.0,19.0,77.79
2025-12-04,0.0,20.0,78.09
2025-12-05,0.0,20.44,79.78
2025-12-06,0.0,19.09,76.87
2025-12-07,0.0,18.09,72.54
2025-12-08,0.0,17.7,65.91
2025-12-09,0.0,17.01,63.21
2025-12-10,0.0,17.02,61.29
2025-12-11,0.0,16.9,59.04
2025-12-12,0.0,16.94,60.15
2025-12-13,0.0,17.55,61.58
2025-12-14,0.0,17.71,64.1
2025-12-15,0.0,17.26,64.38
2025-12-16,0.0,17.73,64.65
2025-12-17,0.0,19.05,70.55
2025-12-18,0.0,18.18,62.75
2025-12-19,0.0,17.1,59.48
2025-12-20,0.0,16.96,59.26
2025-12-21,0.0,17.68,59.35
2025-12-22,0.0,17.81,62.74
2025-12-23,0.0,17.67,63.73
2025-12-24,0.0,17.73,63.24
2025-12-25,0.0,17.28,63.13
2025-12-26,0.0,17.32,64.89
2025-12-27,0.0,17.67,65.64
2025-12-28,0.0,17.44,62.04
2025-12-29,0.0,17.65,56.85
2025-12-30,0.0,17.24,63.77
2025-12-31,0.0,17.0,79.87
